"city","city_ascii","city_alt","state_id","state_name","county_fips","county_name","county_fips_all","county_name_all","lat","lng","population","population_proper","density","source","military","incorporated","cdp","township","timezone","ranking","zips","id","age_median","age_under_10","age_10_to_19","age_20s","age_30s","age_40s","age_50s","age_60s","age_70s","age_over_80","age_over_65","age_18_to_24","age_over_18","male","female","married","divorced","never_married","widowed","family_size","family_dual_income","income_household_median","income_household_under_5","income_household_5_to_10","income_household_10_to_15","income_household_15_to_20","income_household_20_to_25","income_household_25_to_35","income_household_35_to_50","income_household_50_to_75","income_household_75_to_100","income_household_100_to_150","income_household_150_over","income_household_six_figure","income_individual_median","home_ownership","housing_units","home_value","rent_median","rent_burden","education_less_highschool","education_highschool","education_some_college","education_bachelors","education_graduate","education_college_or_above","education_stem_degree","labor_force_participation","unemployment_rate","race_white","race_black","race_asian","race_native","race_pacific","race_other","race_multiple","hispanic","disabled","poverty","limited_english","commute_time","health_uninsured","veteran","cbsa_fips","cbsa_name","cbsa_metro","csa_fips","csa_name"
"New York","New York","","NY","New York","36081","Queens","36081|36047|36085|36005|36061","Queens|Kings|Richmond|Bronx|New York","40.6943","-73.9249","18908608","8736047","11226.2","shape","FALSE","TRUE","FALSE","FALSE","America/New_York","1","11229 11228 11226 11225 11224 11222 11221 11220 11385 10169 10168 10167 10165 10162 10282 10280 10040 10044 11109 11102 11103 11106 11104 11697 11694 11692 11693 11691 10271 10279 10278 10075 11249 10452 11451 10475 10474 10471 10470 10473 10472 11223 10103 11368 11369 11366 11367 11364 11365 11362 11363 11360 11361 10028 10029 10026 10027 10024 10025 10022 10023 10020 10021 11212 11213 11210 11211 11216 11217 11214 11215 11218 11219 10152 10153 10154 10310 10311 10312 10314 11439 11432 11433 11430 11436 11434 11435 10453 10451 10457 10456 10455 10454 10459 10458 10128 10004 10005 10006 10007 10001 10002 10003 10009 11238 11239 11230 11231 11232 11233 11234 11235 11236 11237 11379 11378 11375 11374 11377 11371 11370 11373 11372 10170 10171 10172 10173 10174 10177 11356 10039 10038 10035 10034 10037 10036 10031 10030 10033 10032 11201 11209 11203 11205 11204 11207 11206 11208 11411 11412 11413 11414 11415 11416 11417 11418 11419 11101 11105 11001 11005 11004 10065 10069 10199 10309 10308 10307 10306 10305 10304 10303 10302 10301 11429 11428 11421 11420 11423 11422 11424 11427 11426 10466 10467 10464 10465 10462 10463 10460 10461 10468 10469 10119 10115 10112 10110 10111 11359 11358 11357 11355 11354 10019 10018 10013 10012 10011 10010 10017 10016 10014 10008 10041 10043 10055 10060 10080 10081 10087 10090 10101 10102 10104 10105 10106 10107 10108 10109 10113 10114 10116 10117 10118 10120 10121 10122 10123 10124 10125 10126 10129 10130 10131 10132 10133 10138 10150 10151 10155 10156 10157 10158 10159 10160 10163 10164 10166 10175 10176 10178 10179 10185 10203 10211 10212 10213 10242 10249 10256 10258 10259 10260 10261 10265 10268 10269 10270 10272 10273 10274 10275 10276 10277 10281 10285 10286 10313 11120 11202 11241 11242 11243 11245 11247 11251 11252 11256 11351 11352 11380 11386 11405 11425 11431 11437 11499 11690 11695","1840034016","37.3","11.7","11.2","14.8","15.9","12.7","12.6","10.6","6.4","3.8","15.1","8.3","79.1","48.0","52.0","39.9","11.0","43.8","5.3","3.41","53.2","70663","4.3","3.5","5.4","4.1","3.9","7.3","9.6","14.0","11.0","15.0","21.9","36.9","36302","33.2","3250657","659738","1579","34.2","16.8","23.6","20.0","22.9","16.7","39.6","43.4","63.4","7.5","39.8","23.4","14.2","0.5","0.1","14.9","7.1","28.9","10.9","17.0","13.8","41.4","6.9","2.1","35620","New York-Newark-Jersey City, NY-NJ-PA","TRUE","408","New York-Newark, NY-NJ-CT-PA"
"Los Angeles","Los Angeles","","CA","California","06037","Los Angeles","06037","Los Angeles","34.1141","-118.4068","11922389","3902440","3202.3","shape","FALSE","TRUE","FALSE","FALSE","America/Los_Angeles","1","91367 90291 90293 90292 91316 91311 90035 90034 90037 90031 90039 90008 90004 90005 90006 90007 90001 90002 90003 91504 91040 90710 90089 91307 91344 91345 91340 91342 91343 90036 90247 91411 91436 91371 91608 91605 91604 91607 91606 91601 91602 90402 90068 90069 90062 90063 90061 90066 90067 90064 90065 90248 91326 91324 91325 90013 90012 90011 90010 90017 90016 90015 90014 91364 90028 90095 90094 91042 91352 91356 91406 91402 90041 90042 90043 90044 90045 90046 90047 90048 90049 90019 90018 91423 90210 91303 91304 91306 90079 90071 90077 90059 91331 91330 91335 90026 90027 90024 90025 90023 90020 90021 90029 90272 90732 90731 90230 91405 91403 91401 90033 90032 90038 90057 90052 90058 90744 90501 90502 90009 90030 90050 90051 90053 90054 90055 90060 90070 90072 90074 90075 90076 90078 90080 90081 90082 90083 90084 90086 90087 90088 90093 90099 90134 90189 90213 90294 90295 90733 90734 90748 91041 91043 91305 91308 91309 91313 91327 91328 91333 91334 91337 91346 91353 91357 91365 91392 91393 91394 91395 91396 91404 91407 91408 91409 91410 91412 91413 91416 91426 91470 91482 91495 91496 91499 91603 91609 91610 91614 91615 91616 91617 91618","1840020491","36.2","11.1","11.9","16.3","16.6","13.5","12.5","9.8","5.2","3.3","12.9","9.8","79.7","49.8","50.2","38.9","10.6","46.1","4.4","3.55","57.5","69778","3.9","2.5","5.2","3.8","4.0","7.8","10.4","15.1","11.7","15.4","20.2","35.6","31822","36.9","1384851","705680","1641","37.1","21.6","18.8","23.4","23.7","12.5","36.2","42.5","66.7","7.6","44.9","8.6","11.7","0.9","0.2","24.0","9.8","48.4","10.3","16.6","13.8","31.6","10.7","2.5","31080","Los Angeles-Long Beach-Anaheim, CA","TRUE","348","Los Angeles-Long Beach, CA"
"Chicago","Chicago","","IL","Illinois","17031","Cook","17031|17043","Cook|DuPage","41.8375","-87.6866","8497759","2742119","4648.7","shape","FALSE","TRUE","FALSE","FALSE","America/Chicago","1","60018 60649 60641 60640 60643 60642 60645 60644 60647 60646 60616 60617 60614 60615 60612 60613 60610 60611 60618 60619 60631 60827 60661 60660 60638 60639 60634 60636 60637 60630 60632 60633 60605 60604 60607 60606 60601 60603 60602 60609 60608 60106 60659 60652 60653 60656 60657 60654 60655 60651 60623 60622 60621 60620 60626 60625 60624 60629 60628 60707 60499 60664 60666 60668 60669 60670 60673 60674 60675 60677 60678 60680 60681 60684 60685 60686 60687 60688 60689 60690 60694 60695 60696 60699","1840000494","35.1","11.3","11.5","17.5","17.2","12.6","11.7","9.7","5.5","3.0","12.8","9.6","79.6","48.8","51.2","35.5","10.6","48.9","5.0","3.36","53.7","65781","4.8","3.7","4.6","4.2","4.5","8.2","10.2","14.9","11.7","14.7","18.6","33.3","36261","45.6","1112581","277714","1209","31.6","13.7","21.9","22.8","24.1","17.6","41.7","42.9","67.3","8.4","45.3","29.2","6.8","0.5","0.0","10.7","7.4","28.7","10.9","17.1","7.9","34.4","9.8","3.0","16980","Chicago-Naperville-Elgin, IL-IN-WI","TRUE","176","Chicago-Naperville, IL-IN-WI"
"Miami","Miami","","FL","Florida","12086","Miami-Dade","12086","Miami-Dade","25.7840","-80.2101","6080145","440807","4728.2","shape","FALSE","TRUE","FALSE","FALSE","America/New_York","1","33128 33129 33125 33126 33127 33149 33144 33145 33142 33139 33138 33137 33136 33135 33134 33133 33132 33131 33130 33150 33101 33109 33111 33151 33192 33195 33222 33231 33233 33238 33255 33299","1840015149","39.9","10.0","8.7","13.9","17.7","13.9","13.7","10.4","7.1","4.9","16.4","7.3","83.1","50.4","49.6","37.3","17.0","39.7","6.0","3.17","49.9","47860","4.5","5.9","7.3","5.9","6.0","10.1","11.8","16.1","9.4","11.1","12.0","23.1","25638","30.0","181597","368439","1361","41.2","20.8","25.8","20.3","19.8","13.2","33.0","44.7","64.6","5.6","55.0","15.2","1.4","0.3","0.0","5.2","22.9","72.3","11.9","20.9","30.2","28.0","19.0","2.0","33100","Miami-Fort Lauderdale-Pompano Beach, FL","TRUE","370","Miami-Port St. Lucie-Fort Lauderdale, FL"
"Houston","Houston","","TX","Texas","48201","Harris","48201|48157|48339","Harris|Fort Bend|Montgomery","29.7860","-95.3885","5970127","2293288","1382.2","shape","FALSE","TRUE","FALSE","FALSE","America/Chicago","1","77069 77068 77061 77060 77063 77062 77065 77064 77067 77066 77346 77571 77036 77037 77034 77035 77032 77033 77030 77031 77038 77449 77093 77044 77043 77042 77204 77598 77018 77019 77015 77016 77017 77010 77011 77012 77013 77094 77091 77092 77053 77345 77547 77080 77025 77024 77027 77026 77021 77020 77023 77022 77029 77028 77096 77090 77098 77099 77078 77079 77072 77073 77070 77071 77076 77077 77074 77075 77407 77047 77046 77045 77041 77040 77048 77336 77339 77338 77489 77003 77002 77007 77006 77005 77004 77009 77008 77450 77086 77089 77088 77083 77082 77081 77087 77085 77084 77054 77055 77056 77057 77058 77059 77396 77051 77506 77504 77001 77052 77201 77202 77203 77205 77206 77207 77208 77209 77210 77212 77213 77215 77216 77217 77218 77219 77220 77221 77222 77223 77225 77226 77227 77228 77229 77230 77231 77233 77234 77235 77236 77237 77241 77242 77243 77244 77245 77248 77249 77251 77252 77253 77254 77255 77256 77257 77259 77261 77262 77263 77266 77269 77270 77271 77272 77273 77274 77275 77282 77284 77287 77288 77289 77291 77292 77293 77297 77299 77315 77325 77411","1840020925","33.7","13.9","13.1","16.4","16.4","12.8","11.2","9.0","4.7","2.5","11.1","9.7","75.4","49.8","50.2","41.2","13.2","41.1","4.5","3.36","50.7","56019","4.4","3.2","4.3","4.6","4.9","10.6","13.1","17.1","10.7","12.1","14.9","27.0","31672","42.5","878906","205913","1136","31.7","20.5","21.6","23.1","20.9","13.9","34.8","49.6","66.9","6.5","46.8","22.6","6.8","0.5","0.1","12.5","10.8","44.5","9.9","19.5","13.6","27.5","23.8","3.8","26420","Houston-The Woodlands-Sugar Land, TX","TRUE","288","Houston-The Woodlands, TX"
"Dallas","Dallas","","TX","Texas","48113","Dallas","48113|48397|48085|48257|48121","Dallas|Rockwall|Collin|Kaufman|Denton","32.7935","-96.7667","5830932","1300239","1478.3","shape","FALSE","TRUE","FALSE","FALSE","America/Chicago","1","75098 75287 75230 75231 75236 75237 75235 75254 75251 75252 75253 75043 75032 75227 75238 75232 75233 75234 75089 75088 75087 75247 75244 75249 75248 75051 75166 75210 75211 75212 75214 75215 75216 75217 75218 75219 75390 75182 75229 75228 75220 75223 75225 75224 75226 75243 75241 75240 75246 75270 75207 75206 75205 75204 75203 75202 75201 75209 75208 75019 75221 75222 75242 75250 75260 75262 75263 75264 75266 75267 75277 75283 75284 75285 75301 75303 75312 75313 75315 75320 75336 75339 75342 75354 75355 75356 75357 75358 75359 75360 75367 75370 75371 75372 75373 75374 75376 75378 75379 75380 75382 75389 75392 75393 75394 75395 75397 75398","1840019440","33.1","14.0","13.1","17.1","16.1","12.7","11.2","8.9","4.6","2.4","10.7","9.7","75.2","49.8","50.2","40.2","13.2","42.3","4.3","3.40","52.9","58231","4.3","2.9","4.1","3.8","4.8","9.6","13.7","18.4","11.3","12.1","14.9","27.0","34120","41.4","515138","233086","1178","29.9","20.4","21.8","22.2","22.1","13.5","35.6","41.2","68.7","5.1","53.8","24.0","3.5","0.5","0.0","8.8","9.3","42.0","10.5","17.7","10.0","26.9","23.5","4.1","19100","Dallas-Fort Worth-Arlington, TX","TRUE","206","Dallas-Fort Worth, TX-OK"
"Philadelphia","Philadelphia","","PA","Pennsylvania","42101","Philadelphia","42101","Philadelphia","40.0077","-75.1339","5683533","1596865","4588.9","shape","FALSE","TRUE","FALSE","FALSE","America/New_York","1","19154 19151 19150 19153 19152 19102 19103 19106 19107 19104 19108 19109 19128 19129 19120 19121 19122 19123 19124 19125 19126 19127 19112 19111 19115 19114 19116 19119 19118 19148 19149 19146 19147 19144 19145 19142 19143 19140 19141 19139 19138 19137 19136 19135 19134 19133 19132 19131 19130 19019 19092 19093 19099 19101 19105 19110 19155 19160 19161 19162 19170 19171 19172 19173 19175 19176 19177 19178 19179 19181 19182 19183 19184 19185 19187 19188 19190 19191 19192 19193 19194 19195 19196 19197 19244 19255","1840000673","34.8","12.3","12.3","16.5","16.3","11.3","11.6","10.6","5.8","3.3","13.7","9.6","78.2","47.6","52.4","31.5","12.3","50.5","5.7","3.24","47.2","52649","5.4","5.3","6.4","5.2","4.6","9.2","12.0","16.4","11.3","12.4","11.8","24.2","30080","52.4","646608","183858","1149","34.7","13.4","31.4","22.7","18.4","14.1","32.5","45.5","62.6","8.9","38.5","40.8","7.4","0.3","0.0","7.7","5.3","15.4","16.9","22.8","6.7","33.0","7.4","4.3","37980","Philadelphia-Camden-Wilmington, PA-NJ-DE-MD","TRUE","428","Philadelphia-Reading-Camden, PA-NJ-DE-MD"
"Atlanta","Atlanta","","GA","Georgia","13121","Fulton","13121|13089","Fulton|DeKalb","33.7628","-84.4220","5180179","492204","1404.8","shape","FALSE","TRUE","FALSE","FALSE","America/New_York","1","30334 30331 30332 30309 30308 30354 30327 30322 30326 30324 30319 30342 30305 30307 30306 30316 30317 30314 30315 30312 30313 30310 30311 30303 30363 30318 30301 30302 30304 30321 30325 30333 30343 30348 30353 30355 30357 30361 30368 30369 30370 30371 30375 30377 30392 30394 30398 31106 31107 31126 31139 31141 31193 31195 31196","1840013660","33.4","10.5","10.9","21.5","17.8","12.0","10.6","9.1","4.9","2.7","11.6","13.7","82.6","48.9","51.1","29.0","11.9","55.1","4.0","3.04","50.8","69164","5.0","3.8","5.4","4.1","4.0","7.3","9.4","14.5","11.0","13.5","21.9","35.4","40384","45.2","221171","340669","1342","35.2","7.9","17.5","19.0","31.6","24.1","55.7","44.7","66.5","6.1","41.0","48.2","5.0","0.3","0.0","1.7","3.7","5.0","11.4","18.5","1.9","27.8","10.6","4.3","12060","Atlanta-Sandy Springs-Alpharetta, GA","TRUE","122","Atlanta--Athens-Clarke County--Sandy Springs, GA-AL"
"Washington","Washington","","DC","District of Columbia","11001","District of Columbia","11001","District of Columbia","38.9047","-77.0163","5116378","683154","4315.1","shape","FALSE","TRUE","FALSE","FALSE","America/New_York","1","20250 20010 20011 20012 20015 20520 20418 20415 20020 20024 20510 20515 20427 20422 20530 20542 20540 20240 20245 20204 20005 20004 20003 20002 20001 20009 20008 20317 20319 20390 20059 20057 20052 20388 20017 20018 20565 20566 20560 20591 20220 20064 20551 20230 20373 20260 20007 20006 20032 20036 20037 20431 20045 20408 20535 20016 20019 20013 20022 20026 20027 20029 20030 20033 20035 20038 20039 20040 20042 20043 20044 20047 20049 20050 20053 20055 20056 20058 20060 20061 20062 20063 20065 20066 20067 20068 20069 20070 20071 20073 20074 20075 20076 20077 20078 20080 20081 20082 20090 20091 20201 20202 20203 20206 20207 20208 20210 20211 20212 20213 20214 20215 20216 20217 20218 20219 20221 20222 20223 20224 20226 20227 20228 20229 20232 20233 20235 20237 20238 20239 20241 20242 20244 20251 20252 20254 20261 20262 20265 20266 20268 20270 20277 20289 20299 20301 20303 20306 20310 20314 20318 20330 20340 20350 20355 20370 20372 20374 20375 20376 20380 20389 20391 20392 20393 20394 20395 20398 20401 20402 20403 20404 20405 20406 20407 20410 20411 20412 20413 20414 20416 20417 20419 20420 20421 20423 20424 20425 20426 20428 20429 20433 20434 20435 20436 20437 20439 20440 20441 20442 20444 20447 20451 20453 20456 20460 20463 20468 20469 20470 20472 20500 20501 20502 20503 20504 20505 20506 20507 20508 20509 20511 20521 20522 20523 20524 20525 20526 20527 20528 20529 20531 20533 20534 20536 20537 20538 20539 20541 20543 20544 20546 20547 20548 20549 20552 20553 20554 20555 20557 20559 20570 20571 20572 20573 20575 20576 20577 20578 20579 20580 20581 20585 20586 20590 20593 20594 20597 20599 56901 56902 56904 56908 56915 56920 56933 56935 56944 56945 56950 56965 56967 56972 56998 56999","1840006060","34.3","11.4","10.0","18.5","20.4","12.2","10.5","8.8","5.4","2.9","12.2","10.3","81.7","47.6","52.4","30.9","9.9","55.8","3.5","3.07","57.1","93547","4.9","3.3","3.6","2.9","2.2","5.5","6.8","12.2","11.3","15.9","31.3","47.2","58142","41.5","310104","635854","1681","31.2","7.8","15.5","15.3","25.5","35.9","61.4","53.3","71.4","7.1","40.5","44.7","4.1","0.3","0.1","4.8","5.7","11.3","11.2","15.4","3.2","30.4","3.4","4.1","47900","Washington-Arlington-Alexandria, DC-VA-MD-WV","TRUE","548","Washington-Baltimore-Arlington, DC-MD-VA-WV-PA"
"Boston","Boston","","MA","Massachusetts","25025","Suffolk","25025","Suffolk","42.3188","-71.0852","4328315","672814","5373.9","shape","FALSE","TRUE","FALSE","FALSE","America/New_York","1","02120 02121 02122 02124 02125 02126 02127 02128 02129 02210 02215 02467 02119 02118 02111 02110 02113 02115 02114 02116 02199 02134 02136 02135 02133 02132 02131 02130 02203 02205 02163 02108 02109 02112 02117 02123 02137 02196 02201 02206 02211 02212 02217 02222 02241 02283 02284 02293 02297 02298","1840000455","32.6","8.9","11.6","23.3","18.1","10.7","10.8","8.8","5.0","2.8","11.8","14.9","84.3","48.0","52.0","30.9","9.8","55.7","3.6","3.08","59.3","81744","4.9","3.7","6.3","3.6","3.6","5.5","7.7","11.9","10.5","16.1","26.2","42.3","40319","34.8","271950","610520","1783","37.1","11.8","18.5","17.5","27.8","24.3","52.1","50.7","69.7","6.9","50.1","23.5","9.7","0.3","0.1","6.7","9.6","19.8","11.8","17.6","12.0","30.6","3.4","2.4","14460","Boston-Cambridge-Newton, MA-NH","TRUE","148","Boston-Worcester-Providence, MA-RI-NH-CT"
"Phoenix","Phoenix","","AZ","Arizona","04013","Maricopa","04013","Maricopa","33.5722","-112.0892","4064275","1591119","1185.3","shape","FALSE","TRUE","FALSE","FALSE","America/Phoenix","1","85009 85003 85006 85007 85004 85083 85086 85087 85085 85331 85033 85306 85308 85020 85021 85022 85023 85024 85026 85027 85028 85029 85353 85019 85018 85013 85012 85015 85014 85016 85254 85008 85044 85045 85042 85043 85040 85041 85048 85037 85035 85034 85032 85031 85017 85304 85307 85266 85310 85054 85051 85050 85053 85001 85002 85005 85010 85011 85030 85036 85038 85046 85060 85061 85062 85063 85064 85065 85066 85067 85068 85069 85070 85071 85072 85073 85074 85075 85076 85078 85079 85080 85082","1840020568","34.1","13.6","14.4","15.3","15.0","13.4","12.1","9.0","4.9","2.3","11.1","9.8","74.7","50.3","49.7","42.5","14.4","39.1","4.0","3.36","55.2","64927","3.0","2.1","3.3","3.5","4.0","8.8","13.5","18.2","13.5","15.3","14.7","30.0","34427","56.1","579876","275624","1175","30.3","16.5","22.9","30.0","19.1","11.5","30.6","42.9","68.2","5.4","64.4","7.3","3.9","2.1","0.2","9.5","12.7","42.7","10.8","15.4","5.2","26.0","14.5","5.7","38060","Phoenix-Mesa-Chandler, AZ","TRUE","429","Phoenix-Mesa, AZ"
"Detroit","Detroit","","MI","Michigan","26163","Wayne","26163","Wayne","42.3834","-83.1024","3725908","645658","1796.9","shape","FALSE","TRUE","FALSE","FALSE","America/Detroit","1","48209 48208 48202 48201 48207 48206 48205 48204 48227 48238 48239 48234 48235 48233 48203 48243 48228 48226 48214 48215 48216 48217 48210 48211 48212 48213 48219 48224 48221 48223 48231 48232 48244 48255 48260 48264 48266 48267 48268 48269 48272 48275 48277 48278 48279 48288","1840003971","35.0","13.8","13.8","15.7","12.5","12.0","12.0","11.1","5.9","3.3","14.1","9.7","75.1","47.5","52.5","22.1","15.4","56.0","6.5","3.64","35.4","34762","8.2","8.5","8.1","7.0","6.3","12.3","15.1","15.0","8.5","7.2","3.9","11.1","21862","48.3","250096","59513","899","40.9","17.4","33.2","33.1","9.6","6.7","16.3","39.2","54.3","15.3","12.9","77.9","1.6","0.4","0.0","3.8","3.3","7.8","19.6","31.8","2.3","25.7","7.9","4.9","19820","Detroit-Warren-Dearborn, MI","TRUE","220","Detroit-Warren-Ann Arbor, MI"
"Seattle","Seattle","","WA","Washington","53033","King","53033","King","47.6211","-122.3244","3561397","726054","3337.3","shape","FALSE","TRUE","FALSE","FALSE","America/Los_Angeles","1","98109 98108 98105 98104 98107 98106 98101 98103 98102 98154 98122 98121 98126 98125 98178 98174 98177 98144 98146 98195 98199 98118 98119 98116 98117 98115 98112 98164 98134 98136 98133 98111 98113 98114 98124 98127 98129 98139 98141 98145 98161 98165 98170 98175 98181 98185 98191 98194","1840021117","35.3","8.6","8.3","20.7","20.6","13.4","11.2","9.1","5.3","2.7","12.3","10.2","85.5","50.7","49.3","40.3","11.2","45.5","3.0","2.82","63.0","105391","2.6","2.2","3.0","2.4","2.1","4.7","7.5","12.8","10.6","17.9","34.1","52.0","56758","45.2","337361","767376","1801","29.0","4.5","9.7","20.0","37.3","28.6","65.9","55.6","74.2","4.3","64.9","6.8","16.3","0.5","0.2","2.4","8.8","7.2","9.3","10.0","4.9","27.7","4.4","4.0","42660","Seattle-Tacoma-Bellevue, WA","TRUE","500","Seattle-Tacoma, WA"
"San Francisco","San Francisco","","CA","California","06075","San Francisco","06075","San Francisco","37.7558","-122.4449","3364979","865933","7153.8","shape","FALSE","TRUE","FALSE","FALSE","America/Los_Angeles","1","94130 94131 94132 94133 94134 94103 94102 94105 94104 94188 94158 94124 94123 94122 94121 94129 94118 94108 94107 94112 94110 94116 94117 94114 94115 94111 94109 94127 94119 94120 94125 94126 94137 94139 94140 94141 94142 94143 94144 94145 94146 94147 94151 94159 94160 94161 94163 94164 94172 94177","1840021543","38.7","7.9","7.3","16.1","20.9","13.7","12.4","10.7","6.6","4.3","15.9","6.8","86.4","51.2","48.8","40.1","9.4","46.0","4.5","3.11","61.9","126187","2.7","1.8","4.7","2.4","2.5","4.5","6.0","9.1","8.3","14.9","43.1","58.0","59017","38.2","361222","1198481","2130","24.2","11.2","11.4","17.9","35.4","24.1","59.5","52.6","71.2","5.3","43.4","5.2","34.4","0.5","0.4","7.8","8.4","15.4","10.1","10.3","10.6","32.8","3.6","2.8","41860","San Francisco-Oakland-Berkeley, CA","TRUE","488","San Jose-San Francisco-Oakland, CA"
"San Diego","San Diego","","CA","California","06073","San Diego","06073","San Diego","32.8313","-117.1222","3046560","1385398","1641.4","shape","FALSE","TRUE","FALSE","FALSE","America/Los_Angeles","1","92182 92109 92108 92107 92106 92103 92101 92111 92154 92110 92140 92161 92105 92104 92102 92071 92132 92130 92131 92136 92134 92139 92025 92027 92147 92145 92014 92093 92092 92119 92116 92117 92121 92120 92123 92122 92124 92127 92126 92129 92128 92037 92173 92113 92114 92115 92038 92039 92072 92112 92137 92138 92142 92143 92149 92150 92152 92153 92158 92159 92160 92163 92165 92166 92167 92168 92169 92170 92171 92172 92174 92175 92176 92177 92186 92187 92191 92192 92193 92195 92196 92197 92198 92199","1840021990","35.4","11.0","11.5","17.7","16.9","12.9","11.6","9.6","5.7","3.1","13.3","10.7","80.4","51.0","49.0","44.8","11.2","40.1","4.0","3.31","56.7","89457","2.7","1.6","3.1","2.6","2.8","5.9","8.6","15.2","12.6","19.0","26.1","45.1","41491","47.7","509347","663821","1885","33.5","10.7","15.4","26.3","27.9","19.7","47.6","55.4","68.3","6.2","58.2","6.0","17.2","0.6","0.5","7.3","10.3","30.1","9.2","11.6","6.7","24.3","7.2","7.2","41740","San Diego-Chula Vista-Carlsbad, CA","TRUE","",""
"Minneapolis","Minneapolis","","MN","Minnesota","27053","Hennepin","27053","Hennepin","44.9635","-93.2678","2892569","425091","3039.4","shape","FALSE","TRUE","FALSE","FALSE","America/Chicago","1","55404 55409 55408 55407 55406 55405 55403 55402 55401 55454 55455 55430 55418 55419 55410 55411 55412 55413 55414 55415 55416 55417 55440 55458 55459 55467 55470 55472 55474 55478 55479 55480 55483 55484 55485 55486 55487 55488","1840007830","32.7","11.7","11.5","21.2","18.4","11.7","10.5","8.6","4.3","2.0","10.2","13.2","80.3","50.7","49.3","34.3","11.5","51.2","3.0","3.15","63.6","70099","3.9","2.7","4.7","3.6","3.5","7.5","11.0","16.1","12.6","15.9","18.5","34.4","38360","48.1","182419","283714","1159","29.9","9.3","14.2","23.8","31.7","20.9","52.6","46.3","74.4","5.6","63.1","18.4","5.7","1.3","0.0","4.6","6.9","9.8","11.0","17.0","4.9","23.2","6.1","3.7","33460","Minneapolis-St. Paul-Bloomington, MN-WI","TRUE","378","Minneapolis-St. Paul, MN-WI"
"Tampa","Tampa","","FL","Florida","12057","Hillsborough","12057","Hillsborough","27.9945","-82.4447","2861173","380476","1292.7","shape","FALSE","TRUE","FALSE","FALSE","America/New_York","1","33637 33629 33621 33620 33609 33604 33606 33602 33619 33616 33613 33617 33614 33610 33611 33612 33605 33607 33603 33647 33608 33622 33623 33630 33631 33633 33646 33650 33655 33664 33672 33673 33674 33677 33679 33681 33684 33686 33689","1840015982","35.9","12.1","12.8","15.8","15.5","13.1","12.1","10.0","5.6","2.9","12.8","10.0","78.6","49.6","50.4","39.1","15.6","40.3","5.0","3.21","50.4","59893","5.0","3.5","4.4","4.5","4.1","9.4","12.0","15.8","10.8","13.3","17.3","30.6","33225","50.0","153163","275408","1249","34.6","11.6","23.4","23.2","24.8","17.0","41.8","45.5","66.2","5.5","58.8","22.4","4.6","0.2","0.1","3.7","10.1","26.2","12.1","17.2","7.1","24.7","11.1","6.6","45300","Tampa-St. Petersburg-Clearwater, FL","TRUE","",""
"Brooklyn","Brooklyn","","NY","New York","36047","Kings","36047","Kings","40.6501","-73.9496","2736074","2736074","15200.5","point","FALSE","TRUE","FALSE","FALSE","America/New_York","1","11229 11226 11225 11224 11223 11221 11220 11249 11228 11222 11212 11213 11210 11211 11216 11217 11214 11215 11218 11219 11238 11239 11230 11231 11232 11233 11234 11235 11236 11237 11208 11201 11203 11205 11204 11207 11206 11209 11202 11241 11242 11243 11245 11247 11251 11252 11256","1840034030","","","","","","","","","","","","","","","","","","","","","","","","","","","","","","","","","","","","","","","","","","","","","","","","","","","","","","","","","","","","","","","","35620","New York-Newark-Jersey City, NY-NJ-PA","TRUE","408","New York-Newark, NY-NJ-CT-PA"
"Denver","Denver","","CO","Colorado","08031","Denver","08031","Denver","39.7620","-104.8758","2687458","706799","1782.8","shape","FALSE","TRUE","FALSE","FALSE","America/Denver","1","80264 80266 80230 80231 80236 80237 80235 80238 80239 80123 80249 80247 80246 80290 80293 80294 80218 80210 80212 80216 80221 80220 80223 80222 80224 80227 80219 80211 80209 80207 80206 80205 80204 80202 80203 80208 80217 80243 80248 80250 80256 80257 80259 80261 80265 80271 80273 80274 80281 80291 80299","1840018789","34.8","10.9","10.3","17.6","20.7","13.6","10.5","8.8","5.0","2.7","11.7","8.0","80.8","50.3","49.7","39.6","13.5","43.4","3.5","3.07","61.5","78177","2.8","2.4","3.4","2.9","3.2","6.4","10.3","16.9","12.4","17.0","22.2","39.2","45457","49.6","313926","458480","1495","30.9","10.0","16.0","21.5","32.0","20.5","52.5","45.9","73.7","4.6","68.8","9.0","3.6","0.8","0.1","7.7","9.9","29.4","9.7","11.6","3.6","25.5","9.6","4.9","19740","Denver-Aurora-Lakewood, CO","TRUE","216","Denver-Aurora, CO"
"Queens","Queens","","NY","New York","36081","Queens","36081","Queens","40.7498","-73.7976","2405464","2405464","8503.7","point","FALSE","TRUE","FALSE","FALSE","America/New_York","1","11385 11109 11102 11103 11106 11104 11379 11378 11377 11697 11694 11692 11693 11691 11451 11368 11369 11366 11367 11364 11365 11362 11363 11360 11361 11429 11439 11432 11433 11430 11436 11434 11435 11375 11374 11371 11370 11373 11372 11411 11412 11413 11414 11415 11416 11417 11418 11419 11101 11105 11001 11005 11004 11428 11421 11420 11423 11422 11424 11427 11426 11359 11358 11357 11356 11355 11354 11120 11351 11352 11380 11386 11405 11425 11431 11437 11499 11690 11695","1840034002","","","","","","","","","","","","","","","","","","","","","","","","","","","","","","","","","","","","","","","","","","","","","","","","","","","","","","","","","","","","","","","","35620","New York-Newark-Jersey City, NY-NJ-PA","TRUE","408","New York-Newark, NY-NJ-CT-PA"
"Riverside","Riverside","","CA","California","06065","Riverside","06065","Riverside","33.9381","-117.3949","2332836","314858","1498.1","shape","FALSE","TRUE","FALSE","FALSE","America/Los_Angeles","1","92508 92503 92501 92506 92505 92504 92507 92521 92502 92513 92514 92516 92517 92522","1840020551","31.9","12.2","16.7","18.1","14.1","12.4","11.2","8.3","4.6","2.4","10.6","14.1","75.7","50.0","50.0","42.3","10.5","42.9","4.3","3.88","59.2","76755","2.8","1.8","3.3","2.8","3.1","7.3","11.0","17.0","13.4","19.9","17.7","37.6","30590","55.7","88340","416530","1568","35.4","17.5","27.6","31.0","14.2","9.7","23.9","46.8","63.5","6.4","48.3","5.9","8.8","0.8","0.4","25.9","10.0","54.9","10.7","12.9","6.6","31.7","9.3","4.4","40140","Riverside-San Bernardino-Ontario, CA","TRUE","348","Los Angeles-Long Beach, CA"
"Las Vegas","Las Vegas","","NV","Nevada","32003","Clark","32003","Clark","36.2333","-115.2654","2248047","634786","1727.8","shape","FALSE","TRUE","FALSE","FALSE","America/Los_Angeles","1","89146 89149 89107 89106 89104 89102 89101 89108 89138 89130 89131 89134 89143 89145 89144 89110 89117 89129 89128 89124 88901 88905 89105 89114 89116 89125 89126 89127 89133 89137 89140 89151 89152 89153 89155 89163 89185 89195","1840020364","37.9","12.4","13.3","13.1","14.2","13.3","13.1","10.6","6.8","3.1","14.8","8.1","76.5","50.2","49.8","43.7","15.5","35.6","5.2","3.35","49.5","61356","4.9","2.8","4.0","3.9","4.2","8.7","12.9","17.3","13.1","15.2","13.0","28.2","32603","53.7","236410","302501","1219","34.6","14.6","27.4","32.1","16.7","9.2","25.9","41.2","63.0","7.7","55.5","11.5","6.8","1.0","0.8","13.2","11.1","34.1","12.5","14.9","6.4","25.8","12.9","8.1","29820","Las Vegas-Henderson-Paradise, NV","TRUE","332","Las Vegas-Henderson, NV"
"Baltimore","Baltimore","","MD","Maryland","24510","Baltimore","24510","Baltimore","39.3051","-76.6144","2196524","592211","2824.8","shape","FALSE","TRUE","FALSE","FALSE","America/New_York","1","21218 21211 21210 21213 21212 21215 21214 21217 21216 21233 21231 21230 21239 21251 21209 21202 21206 21207 21205 21287 21223 21226 21201 21224 21225 21229 21203 21263 21264 21270 21273 21275 21278 21279 21281 21290 21297 21298","1840001592","35.7","11.7","11.6","16.1","16.7","10.9","12.4","11.4","5.9","3.1","14.1","9.4","79.5","47.1","52.9","27.2","14.5","52.3","6.0","3.29","46.1","54124","5.3","5.1","6.1","4.7","4.4","8.9","12.2","17.1","10.8","12.7","12.7","25.4","32686","47.9","244893","177423","1146","36.7","13.7","28.1","24.0","17.2","17.0","34.2","49.1","62.0","7.4","29.2","61.6","2.5","0.3","0.0","2.4","3.9","5.6","15.9","20.3","1.8","30.7","5.9","5.5","12580","Baltimore-Columbia-Towson, MD","TRUE","548","Washington-Baltimore-Arlington, DC-MD-VA-WV-PA"
"St. Louis","St. Louis","Saint Louis","MO","Missouri","29510","St. Louis","29510","St. Louis","38.6359","-90.2451","2130881","302787","1894.2","shape","FALSE","TRUE","FALSE","FALSE","America/Chicago","1","63110 63111 63112 63113 63115 63116 63118 63120 63107 63106 63104 63103 63102 63101 63109 63108 63155 63139 63137 63143 63147 63150 63156 63157 63158 63160 63163 63164 63166 63169 63177 63178 63179 63180 63188 63197","1840001651","36.3","10.9","10.4","17.0","17.1","11.8","12.2","11.8","5.9","3.0","13.9","8.9","81.0","48.7","51.3","30.7","15.3","48.8","5.2","3.06","51.0","48751","5.7","4.6","6.7","5.2","5.2","10.7","12.9","17.5","10.5","12.1","9.0","21.1","31804","44.7","141161","147384","873","31.2","10.8","24.4","26.8","21.3","16.7","38.0","44.6","66.5","6.0","46.3","44.8","3.4","0.3","0.1","1.2","4.0","4.2","15.4","19.6","2.2","23.3","10.5","6.2","41180","St. Louis, MO-IL","TRUE","476","St. Louis-St. Charles-Farmington, MO-IL"
"Portland","Portland","","OR","Oregon","41051","Multnomah","41051|41005|41067","Multnomah|Clackamas|Washington","45.5371","-122.6500","2095808","647176","1871.9","shape","FALSE","TRUE","FALSE","FALSE","America/Los_Angeles","1","97227 97221 97220 97229 97203 97202 97201 97206 97205 97204 97209 97208 97258 97266 97219 97213 97236 97232 97233 97230 97239 97218 97214 97215 97216 97217 97210 97211 97212 97207 97228 97238 97240 97242 97250 97251 97252 97253 97254 97256 97280 97282 97283 97286 97290 97291 97292 97293 97294","1840019941","37.9","9.6","9.7","15.1","19.4","15.6","11.7","10.5","5.7","2.7","13.3","7.7","82.8","49.7","50.3","41.1","13.7","41.6","3.6","2.95","59.2","78476","3.1","2.7","4.0","3.1","3.2","6.7","9.7","15.7","12.6","17.5","21.8","39.3","40576","53.4","279797","463001","1406","31.9","6.7","15.1","26.2","31.2","20.7","51.9","48.4","71.1","5.6","73.8","5.6","8.5","0.9","0.5","2.6","8.0","10.3","12.1","12.6","3.2","25.5","6.1","4.9","38900","Portland-Vancouver-Hillsboro, OR-WA","TRUE","440","Portland-Vancouver-Salem, OR-WA"
"San Antonio","San Antonio","","TX","Texas","48029","Bexar","48029|48325","Bexar|Medina","29.4632","-98.5238","2058444","1434540","1110.2","shape","FALSE","TRUE","FALSE","FALSE","America/Chicago","1","78112 78239 78259 78258 78252 78251 78250 78257 78256 78255 78254 78208 78201 78202 78203 78204 78205 78207 78245 78242 78248 78231 78230 78233 78232 78235 78234 78237 78238 78209 78109 78266 78264 78260 78219 78218 78217 78216 78215 78214 78213 78212 78211 78210 78244 78247 78240 78249 78073 78023 78222 78223 78220 78221 78226 78227 78224 78225 78228 78229 78206 78241 78246 78265 78268 78269 78270 78278 78279 78280 78283 78284 78285 78288 78289 78291 78292 78293 78294 78295 78296 78297 78298 78299","1840022220","33.9","13.5","14.1","16.1","15.0","12.5","11.5","9.1","5.4","2.8","12.5","10.7","75.4","49.4","50.6","41.7","14.8","38.3","5.1","3.37","51.7","55084","4.2","3.4","4.6","4.5","5.0","10.3","13.6","19.1","12.0","13.3","10.0","23.3","29688","52.3","535610","165450","1090","32.4","16.7","25.5","30.4","16.9","10.4","27.3","45.7","65.5","5.9","64.0","6.5","3.0","0.8","0.1","8.4","17.2","65.7","15.0","17.6","7.4","24.3","17.2","8.4","41700","San Antonio-New Braunfels, TX","TRUE","484","San Antonio-New Braunfels-Pearsall, TX"
"Sacramento","Sacramento","","CA","California","06067","Sacramento","06067","Sacramento","38.5677","-121.4685","1957738","518605","2029.8","shape","FALSE","TRUE","FALSE","FALSE","America/Los_Angeles","1","95821 95820 95823 95838 95832 95833 95831 95834 95835 95811 95814 95815 95818 95819 95828 95822 95825 95824 95826 95816 95817 94203 94204 94205 94207 94208 94209 94211 94229 94230 94232 94234 94235 94236 94237 94239 94240 94244 94245 94247 94248 94249 94250 94252 94254 94256 94257 94258 94259 94261 94262 94263 94267 94268 94269 94271 94273 94274 94277 94278 94279 94280 94282 94283 94284 94285 94287 94288 94289 94290 94291 94293 94294 94295 94296 94297 94298 94299 95812 95813 95840 95851 95852 95853 95867 95894","1840021491","35.2","12.5","12.4","15.5","16.8","12.4","11.5","10.4","5.5","3.2","13.3","8.9","77.5","49.2","50.8","41.1","13.7","40.5","4.8","3.37","53.9","71074","3.0","2.1","5.4","3.3","3.6","7.2","10.4","17.3","13.8","17.2","16.7","33.9","35811","50.1","194004","385139","1434","33.4","13.6","20.3","31.0","22.2","13.0","35.2","47.9","64.6","6.9","40.9","13.4","19.0","0.8","1.8","12.4","11.7","28.9","11.8","14.8","6.4","26.1","5.7","5.4","40900","Sacramento-Roseville-Folsom, CA","TRUE","472","Sacramento-Roseville, CA"
"Austin","Austin","","TX","Texas","48453","Travis","48453|48491|48209","Travis|Williamson|Hays","30.3005","-97.7522","1905945","944658","1137.8","shape","FALSE","TRUE","FALSE","FALSE","America/Chicago","1","78749 78748 78741 78742 78745 78744 78747 78746 78717 78712 78719 78617 78739 78735 78736 78730 78731 78732 78733 78705 78704 78701 78703 78702 78758 78759 78752 78753 78750 78751 78756 78757 78754 78652 78723 78722 78721 78727 78726 78725 78724 78729 78728 73301 73344 78651 78708 78709 78710 78711 78713 78714 78715 78718 78720 78755 78760 78761 78762 78763 78765 78766 78767 78768 78772 78773 78774 78778 78779 78783 78799","1840019590","33.9","11.2","11.0","18.8","20.3","14.0","10.7","8.1","3.9","1.9","9.3","10.3","80.5","50.9","49.1","41.9","12.0","43.0","3.0","3.04","60.6","78965","3.3","2.3","2.7","2.6","2.9","6.7","10.4","16.8","12.6","17.7","22.0","39.7","43993","44.7","404121","381472","1415","29.2","9.4","14.4","21.0","34.2","21.0","55.2","46.7","74.7","4.5","66.4","7.7","8.2","0.8","0.0","8.2","8.7","33.1","8.7","12.5","5.9","24.5","12.8","4.3","12420","Austin-Round Rock-Georgetown, TX","TRUE","",""
"Orlando","Orlando","","FL","Florida","12095","Orange","12095","Orange","28.4773","-81.3370","1882705","302968","1053.6","shape","FALSE","TRUE","FALSE","FALSE","America/New_York","1","32829 32827 32824 32822 32804 32805 32806 32807 32801 32803 32808 32839 32835 32832 32819 32811 32812 32814 32802 32853 32854 32856 32861 32862 32872 32877 32885 32886 32891 32897","1840015099","34.4","12.5","10.2","17.5","19.6","13.7","11.3","8.4","4.5","2.2","10.5","8.0","78.8","48.5","51.5","37.8","15.1","43.2","3.9","3.31","54.2","58968","3.7","2.8","4.7","4.1","5.2","8.7","13.6","17.9","11.7","13.0","14.5","27.5","31578","38.2","118834","280385","1346","33.7","8.4","23.2","28.3","25.0","15.1","40.1","43.3","71.8","5.6","53.4","23.5","4.0","0.1","0.0","6.5","12.4","34.2","9.6","15.5","9.4","27.1","15.1","4.4","36740","Orlando-Kissimmee-Sanford, FL","TRUE","422","Orlando-Lakeland-Deltona, FL"
"San Juan","San Juan","","PR","Puerto Rico","72127","San Juan","72127","San Juan","18.3985","-66.0610","1814587","325343","3155.2","shape","FALSE","FALSE","FALSE","FALSE","America/Puerto_Rico","1","00918 00913 00912 00911 00917 00915 00926 00927 00924 00925 00923 00920 00921 00906 00907 00901 00909 00969 00908 00910 00919 00922 00928 00929 00930 00931 00935 00936 00937 00939 00940 00955 00975","1630035577","44.2","8.7","10.9","13.7","11.5","12.1","12.9","13.0","9.6","7.5","23.4","9.5","83.1","","","","","","","3.23","31.1","24751","16.9","9.8","8.7","8.5","6.5","10.8","11.0","11.4","6.2","5.1","5.1","10.2","","53.9","135323","152284","528","50.7","","","","","","","41.5","52.0","16.4","","","","","","","","","19.9","","60.6","25.5","9.2","2.8","41980","San Juan-Bayamón-Caguas, PR","TRUE","490","San Juan-Bayamón, PR"
"San Jose","San Jose","","CA","California","06085","Santa Clara","06085","Santa Clara","37.3012","-121.8480","1771413","1013337","2199.0","shape","FALSE","TRUE","FALSE","FALSE","America/Los_Angeles","1","95119 95118 95128 95124 95125 95122 95008 95002 95117 95116 95111 95110 95113 95112 95126 95127 95120 95123 95148 95133 95132 95131 95130 95136 95134 95139 95138 95037 95013 95129 95121 95101 95103 95106 95109 95115 95141 95150 95151 95153 95154 95155 95156 95157 95158 95159 95160 95161 95164 95172 95173 95190 95191 95192 95193 95194 95196","1840021570","37.5","11.6","12.5","14.0","15.7","14.2","13.2","10.1","5.5","3.1","13.2","8.7","78.1","50.9","49.1","50.3","9.3","36.2","4.2","3.56","61.9","125075","1.7","1.1","2.4","2.1","2.1","4.2","6.3","10.9","9.9","17.7","41.6","59.3","46298","56.2","324376","986149","2366","31.7","14.5","16.3","23.8","26.0","19.4","45.4","61.6","68.3","4.9","34.8","3.0","37.5","0.8","0.5","13.0","10.4","31.0","8.9","7.7","12.1","29.8","5.1","3.0","41940","San Jose-Sunnyvale-Santa Clara, CA","TRUE","488","San Jose-San Francisco-Oakland, CA"
"Pittsburgh","Pittsburgh","","PA","Pennsylvania","42003","Allegheny","42003","Allegheny","40.4397","-79.9763","1749091","303207","2114.1","shape","FALSE","TRUE","FALSE","FALSE","America/New_York","1","15282 15216 15217 15214 15212 15213 15210 15211 15218 15219 15290 15232 15260 15233 15205 15204 15207 15206 15201 15203 15208 15234 15222 15221 15220 15226 15224 15120 15230 15240 15250 15251 15252 15253 15254 15255 15257 15258 15259 15261 15262 15264 15265 15267 15270 15272 15274 15279 15281 15286 15289 15295","1840001254","33.7","8.5","11.5","22.3","16.5","9.5","10.6","11.1","6.0","3.9","15.0","16.3","85.3","48.9","51.1","30.4","11.1","53.1","5.4","2.91","51.8","54306","5.5","4.2","6.5","5.0","4.8","9.6","11.2","16.1","11.7","12.6","12.8","25.4","31010","47.4","137747","144449","1043","33.3","6.5","24.7","23.1","23.5","22.2","45.7","51.2","64.0","5.4","65.4","22.9","5.6","0.2","0.0","1.1","4.8","3.5","14.3","19.7","2.2","23.9","5.5","5.1","38300","Pittsburgh, PA","TRUE","430","Pittsburgh-New Castle-Weirton, PA-OH-WV"
"Indianapolis","Indianapolis","","IN","Indiana","18097","Marion","18097","Marion","39.7771","-86.1458","1729849","880104","939.8","shape","FALSE","TRUE","FALSE","FALSE","America/Indiana/Indianapolis","1","46234 46237 46218 46219 46217 46214 46260 46268 46226 46225 46183 46231 46235 46236 46239 46254 46250 46208 46201 46203 46202 46205 46204 46206 46256 46259 46227 46224 46222 46221 46220 46229 46228 46113 46278 46241 46240 46207 46209 46230 46242 46244 46247 46251 46253 46255 46262 46277 46282 46283 46285 46288 46298","1840030084","34.3","13.9","13.3","15.8","15.1","11.6","12.0","10.2","5.2","2.8","12.5","9.5","75.2","48.5","51.5","39.4","14.0","41.8","4.8","3.31","52.4","54321","4.7","3.0","4.4","4.7","4.9","9.9","14.5","18.8","11.9","12.9","10.3","23.2","32733","54.5","352238","154401","962","31.2","13.3","27.3","26.4","21.1","11.8","32.9","42.6","66.9","5.6","57.7","28.8","3.9","0.2","0.0","4.1","5.4","10.8","13.5","16.4","3.6","23.9","9.8","6.3","26900","Indianapolis-Carmel-Anderson, IN","TRUE","294","Indianapolis-Carmel-Muncie, IN"
"Manhattan","Manhattan","","NY","New York","36061","New York","36061","New York","40.7834","-73.9662","1694263","1694263","28653.9","point","FALSE","TRUE","FALSE","FALSE","America/New_York","1","10169 10168 10167 10165 10162 10282 10280 10040 10044 10271 10279 10278 10075 10103 10028 10029 10026 10027 10024 10025 10022 10023 10020 10021 10152 10153 10154 10128 10004 10005 10006 10007 10001 10002 10003 10009 10170 10171 10172 10173 10174 10177 10039 10038 10035 10034 10037 10036 10031 10030 10033 10032 10065 10069 10199 10119 10115 10112 10110 10111 10019 10018 10013 10012 10011 10010 10017 10016 10014 10008 10041 10043 10055 10060 10081 10087 10090 10101 10102 10104 10105 10106 10107 10108 10109 10113 10114 10116 10117 10118 10120 10121 10122 10123 10124 10125 10126 10129 10130 10131 10132 10133 10138 10150 10151 10155 10156 10157 10158 10159 10160 10163 10164 10166 10175 10176 10178 10179 10185 10203 10211 10212 10213 10242 10249 10256 10258 10259 10260 10261 10265 10268 10269 10270 10273 10274 10275 10276 10277 10281 10285 10286","1840034000","","","","","","","","","","","","","","","","","","","","","","","","","","","","","","","","","","","","","","","","","","","","","","","","","","","","","","","","","","","","","","","","35620","New York-Newark-Jersey City, NY-NJ-PA","TRUE","408","New York-Newark, NY-NJ-CT-PA"
"Cincinnati","Cincinnati","","OH","Ohio","39061","Hamilton","39061","Hamilton","39.1413","-84.5060","1692702","308664","1529.6","shape","FALSE","TRUE","FALSE","FALSE","America/New_York","1","45267 45219 45213 45212 45211 45217 45216 45214 45233 45226 45227 45225 45223 45229 45224 45232 45204 45205 45206 45207 45202 45203 45208 45209 45239 45238 45237 45220 45230 45201 45221 45250 45254 45262 45263 45264 45268 45269 45270 45271 45273 45274 45275 45296 45298 45299 45999","1840003814","32.7","12.3","13.5","19.5","15.2","10.7","11.1","10.2","4.8","2.8","12.2","13.5","78.6","48.4","51.6","29.1","13.9","52.6","4.5","3.03","48.3","45235","6.3","5.9","5.9","6.1","5.8","10.5","12.6","15.3","10.1","10.6","10.9","21.5","28803","39.1","139791","160597","814","31.3","11.4","24.0","25.0","23.0","16.6","39.6","43.4","66.4","6.9","50.6","40.3","2.4","0.1","0.0","1.4","5.2","4.4","12.8","24.7","2.1","23.4","7.3","5.1","17140","Cincinnati, OH-KY-IN","TRUE","178","Cincinnati-Wilmington-Maysville, OH-KY-IN"
"Kansas City","Kansas City","","MO","Missouri","29095","Jackson","29095|29047|29165|29037","Jackson|Clay|Platte|Cass","39.1238","-94.5541","1689556","502597","616.6","shape","FALSE","TRUE","FALSE","FALSE","America/Chicago","1","64161 64163 64164 64165 64167 64053 64118 64116 64151 64153 64155 64154 64157 64156 64158 64108 64109 64106 64102 64128 64129 64124 64125 64126 64127 64120 64123 64166 64119 64114 64117 64111 64110 64113 64112 64133 64146 64145 64149 64147 64105 64101 64139 64138 64132 64131 64130 64137 64136 64134 64121 64141 64148 64162 64170 64171 64179 64180 64184 64187 64188 64191 64195 64196 64197 64198 64199 64999","1840008535","35.4","12.9","12.2","16.0","15.4","12.0","12.2","10.7","5.5","3.1","13.4","8.9","77.2","48.5","51.5","40.6","15.3","39.3","4.8","3.12","55.5","60042","3.6","3.2","4.6","4.5","4.3","9.6","12.7","17.2","12.7","15.2","12.3","27.5","34843","53.9","213560","175366","1040","30.4","9.0","24.9","29.6","23.0","13.6","36.6","40.2","69.7","5.1","59.7","26.5","2.7","0.4","0.3","4.1","6.3","10.7","12.5","15.0","2.6","22.1","11.8","6.4","28140","Kansas City, MO-KS","TRUE","312","Kansas City-Overland Park-Kansas City, MO-KS"
"Cleveland","Cleveland","","OH","Ohio","39035","Cuyahoga","39035","Cuyahoga","41.4764","-81.6805","1680247","374861","1861.9","shape","FALSE","TRUE","FALSE","FALSE","America/New_York","1","44135 44120 44119 44113 44112 44111 44110 44115 44114 44144 44128 44127 44104 44105 44106 44101 44102 44103 44108 44109 44181 44190 44191 44192 44193 44194 44195 44197 44198 44199","1840000596","36.2","11.8","12.6","16.1","14.0","11.2","13.3","12.0","5.8","3.3","14.1","9.8","78.2","48.2","51.8","24.0","17.1","53.1","5.9","3.17","39.3","33678","8.2","8.1","9.0","7.7","6.1","12.4","13.8","14.7","8.7","7.0","4.3","11.3","22837","41.2","168196","74542","774","36.6","17.4","33.3","30.2","11.4","7.7","19.1","43.0","59.4","12.4","38.6","47.4","2.5","0.5","0.0","3.9","7.1","12.2","19.5","31.4","3.9","23.5","7.5","5.8","17460","Cleveland-Elyria, OH","TRUE","184","Cleveland-Akron-Canton, OH"
"Columbus","Columbus","","OH","Ohio","39049","Franklin","39049|39041|39045","Franklin|Delaware|Fairfield","39.9862","-82.9855","1572546","898143","1573.4","shape","FALSE","TRUE","FALSE","FALSE","America/New_York","1","43109 43026 43054 43220 43221 43222 43223 43224 43081 43228 43227 43213 43212 43215 43214 43217 43219 43218 43002 43004 43068 43085 43240 43229 43235 43232 43231 43230 43119 43110 43017 43016 43137 43211 43210 43202 43203 43201 43206 43207 43204 43205 43209 43236 43251 43260 43266 43268 43270 43271 43272 43279 43287 43291","1840003760","32.5","13.3","12.2","19.4","17.0","11.6","10.9","9.0","4.3","2.3","10.3","11.4","77.6","49.0","51.0","36.7","13.7","45.4","4.2","3.08","53.6","58575","3.5","3.1","4.1","4.3","4.1","9.5","13.6","19.5","13.5","15.3","9.5","24.8","34153","44.8","377648","174663","1061","28.4","9.7","24.8","27.6","24.3","13.6","37.9","44.4","70.6","5.4","56.2","29.2","5.9","0.2","0.0","2.5","5.9","6.5","11.6","18.4","3.3","22.0","9.3","5.5","18140","Columbus, OH","TRUE","198","Columbus-Marion-Zanesville, OH"
"Bronx","Bronx","","NY","New York","36005","Bronx","36005","Bronx","40.8501","-73.8662","1472654","1472654","13356.3","point","FALSE","TRUE","FALSE","FALSE","America/New_York","1","10452 10475 10474 10471 10470 10473 10472 10453 10451 10457 10456 10455 10454 10459 10458 11370 10466 10467 10464 10465 10462 10463 10460 10461 10468 10469","1840033999","","","","","","","","","","","","","","","","","","","","","","","","","","","","","","","","","","","","","","","","","","","","","","","","","","","","","","","","","","","","","","","","35620","New York-Newark-Jersey City, NY-NJ-PA","TRUE","408","New York-Newark, NY-NJ-CT-PA"
"Virginia Beach","Virginia Beach","","VA","Virginia","51810","Virginia Beach","51810","Virginia Beach","36.7335","-76.0435","1443020","457658","722.1","shape","FALSE","TRUE","FALSE","FALSE","America/New_York","1","23459 23451 23453 23452 23455 23457 23456 23454 23460 23461 23462 23464 23450 23458 23463 23465 23466 23467 23471 23479","1840003871","36.7","12.3","12.1","14.9","15.2","12.3","12.7","11.0","6.1","3.2","14.3","9.1","77.8","49.3","50.7","50.8","13.2","30.9","5.1","3.03","57.5","81810","2.3","1.4","1.9","1.9","2.7","6.3","10.5","18.8","14.6","20.9","18.8","39.7","41436","65.0","177046","296187","1433","30.0","5.5","20.8","35.1","24.3","14.3","38.6","46.6","70.3","4.3","63.9","19.0","7.0","0.2","0.1","2.2","7.5","8.6","11.5","7.8","2.0","23.5","7.1","17.5","47260","Virginia Beach-Norfolk-Newport News, VA-NC","TRUE","545","Virginia Beach-Norfolk, VA-NC"
"Charlotte","Charlotte","","NC","North Carolina","37119","Mecklenburg","37119","Mecklenburg","35.2083","-80.8303","1427444","864871","1077.1","shape","FALSE","TRUE","FALSE","FALSE","America/New_York","1","28269 28262 28105 28280 28282 28209 28208 28205 28204 28207 28206 28203 28202 28223 28227 28226 28278 28270 28273 28274 28277 28134 28216 28217 28214 28215 28212 28213 28210 28211 28244 28126 28130 28201 28218 28219 28220 28221 28222 28224 28228 28229 28230 28231 28232 28233 28234 28235 28237 28241 28242 28243 28246 28247 28253 28254 28255 28256 28258 28260 28263 28265 28266 28271 28272 28275 28281 28284 28285 28287 28288 28289 28290 28296 28297 28299","1840014557","34.5","13.0","12.7","16.3","16.6","13.8","12.2","8.8","4.5","2.2","10.5","9.4","76.8","48.3","51.7","42.0","12.7","41.4","3.9","3.24","55.6","68367","2.8","1.8","3.2","3.2","3.5","8.5","12.7","18.3","12.5","15.8","17.7","33.5","37925","52.7","345944","257386","1260","29.0","10.3","16.9","27.1","29.5","16.2","45.7","41.1","72.0","4.9","44.7","35.2","6.5","0.4","0.0","7.2","5.9","14.9","7.8","11.6","5.3","25.4","12.8","5.4","16740","Charlotte-Concord-Gastonia, NC-SC","TRUE","172","Charlotte-Concord, NC-SC"
"Milwaukee","Milwaukee","","WI","Wisconsin","55079","Milwaukee","55079","Milwaukee","43.0642","-87.9675","1290940","578198","2321.3","shape","FALSE","TRUE","FALSE","FALSE","America/Chicago","1","53203 53202 53207 53206 53205 53204 53209 53208 53233 53218 53219 53214 53215 53216 53210 53211 53212 53213 53295 53225 53224 53221 53220 53223 53222 53228 53201 53237 53259 53263 53274 53278 53288 53290 53293","1840003046","31.6","14.7","15.1","17.4","14.8","11.4","10.8","9.1","4.3","2.6","10.8","11.7","73.7","48.5","51.5","29.4","11.8","54.4","4.4","3.36","44.5","45318","5.4","3.7","7.4","5.2","6.2","11.7","14.6","17.8","11.6","10.5","5.8","16.3","27686","40.9","229470","134534","910","33.0","15.1","30.9","28.6","16.3","9.2","25.5","41.5","64.0","6.2","39.9","39.4","4.5","0.6","0.0","7.9","7.6","19.9","12.5","24.1","4.3","22.3","9.4","4.0","33340","Milwaukee-Waukesha, WI","TRUE","376","Milwaukee-Racine-Waukesha, WI"
"Providence","Providence","","RI","Rhode Island","44007","Providence","44007","Providence","41.8230","-71.4187","1290271","188812","3960.7","shape","FALSE","TRUE","FALSE","FALSE","America/New_York","1","02903 02906 02907 02908 02904 02905 02909 02912 02918 02901 02902 02940","1840003289","32.1","12.5","14.5","19.7","14.7","11.6","10.6","8.6","4.7","3.0","11.5","15.9","78.7","48.4","51.6","31.9","10.3","53.6","4.2","3.40","51.3","55787","4.2","3.9","7.7","5.3","5.3","8.8","11.3","17.4","11.9","12.0","12.4","24.4","26832","40.1","67974","249596","1098","34.6","16.5","30.6","19.6","17.4","15.9","33.3","46.1","63.6","7.5","50.6","15.8","6.1","0.7","0.2","16.0","10.6","42.9","13.6","21.5","15.2","24.2","6.8","2.4","39300","Providence-Warwick, RI-MA","TRUE","148","Boston-Worcester-Providence, MA-RI-NH-CT"
"Jacksonville","Jacksonville","","FL","Florida","12031","Duval","12031","Duval","30.3322","-81.6749","1288298","937690","484.5","shape","FALSE","TRUE","FALSE","FALSE","America/New_York","1","32224 32225 32226 32227 32220 32221 32222 32223 32228 32219 32218 32214 32217 32216 32211 32210 32212 32246 32244 32233 32234 32202 32250 32254 32257 32256 32208 32209 32206 32207 32204 32205 32203 32258 32277 32099 32201 32229 32231 32232 32235 32236 32238 32239 32241 32245 32247 32255","1840015031","36.2","13.0","12.2","14.9","14.8","12.4","12.9","10.8","6.0","2.9","13.9","8.8","77.0","48.6","51.4","42.4","16.1","36.0","5.5","3.19","49.9","58263","4.2","2.7","4.0","3.8","4.6","9.6","13.8","18.9","13.2","14.3","10.9","25.2","32471","56.6","366780","201007","1146","32.4","9.7","28.7","31.4","20.3","9.9","30.2","42.7","65.7","5.3","54.5","30.7","4.9","0.2","0.1","3.1","6.6","10.9","13.1","14.9","3.6","24.6","12.1","11.4","27260","Jacksonville, FL","TRUE","300","Jacksonville-St. Marys-Palatka, FL-GA"
"Nashville","Nashville","","TN","Tennessee","47037","Davidson","47037","Davidson","36.1715","-86.7842","1177657","682646","554.2","shape","FALSE","TRUE","FALSE","FALSE","America/Chicago","1","37027 37138 37076 37072 37203 37206 37201 37080 37218 37219 37216 37217 37214 37215 37212 37213 37210 37211 37189 37232 37238 37209 37208 37205 37204 37207 37115 37013 37228 37221 37220 37143 37011 37116 37202 37222 37224 37227 37229 37230 37234 37235 37236 37240 37241 37242 37243 37244 37246 37250","1840036155","34.5","12.2","11.3","17.7","17.6","12.2","11.7","9.8","5.1","2.6","12.2","9.8","79.3","48.4","51.6","40.4","13.5","41.5","4.6","3.09","58.4","65565","3.3","2.6","3.2","3.5","3.6","8.2","12.9","19.1","13.2","15.6","14.8","30.4","36307","54.1","282855","291241","1250","31.4","10.0","21.5","24.6","27.5","16.4","43.9","40.6","71.9","4.8","60.5","27.2","3.6","0.2","0.0","3.6","4.9","10.6","11.2","14.5","4.8","25.0","12.4","5.1","34980","Nashville-Davidson--Murfreesboro--Franklin, TN","TRUE","400","Nashville-Davidson--Murfreesboro, TN"
"Salt Lake City","Salt Lake City","","UT","Utah","49035","Salt Lake","49035","Salt Lake","40.7776","-111.9311","1173879","199153","693.4","shape","FALSE","TRUE","FALSE","FALSE","America/Denver","1","84116 84115 84114 84113 84112 84111 84128 84150 84180 84108 84101 84102 84103 84104 84105 84106 84138 84110 84122 84132 84133 84134 84139 84143 84145 84147 84148 84151 84152 84158 84199","1840021383","32.4","11.2","11.3","22.9","17.1","11.4","10.1","9.0","4.7","2.5","11.6","13.8","80.8","51.2","48.8","40.3","12.1","44.4","3.1","3.19","63.2","65880","3.5","2.7","5.1","3.5","3.4","8.6","10.9","18.1","13.1","15.0","16.2","31.2","35060","48.3","83197","380626","1141","29.6","8.9","16.6","24.7","28.3","21.5","49.8","50.8","72.7","4.0","72.5","2.7","5.5","1.4","2.1","9.7","6.1","19.9","11.0","14.7","3.8","19.5","11.1","4.2","41620","Salt Lake City, UT","TRUE","482","Salt Lake City-Provo-Orem, UT"
"Raleigh","Raleigh","","NC","North Carolina","37183","Wake","37183|37063","Wake|Durham","35.8324","-78.6429","1163152","462219","1201.4","shape","FALSE","TRUE","FALSE","FALSE","America/New_York","1","27617 27616 27615 27614 27613 27612 27610 27609 27601 27603 27604 27605 27606 27608 27607 27697 27695 27602 27619 27620 27622 27624 27626 27627 27628 27634 27636 27640 27650 27656 27658 27661 27668 27675 27676 27690 27698","1840014497","34.2","11.1","13.3","18.2","16.4","13.7","11.8","8.5","4.6","2.4","10.8","12.3","79.5","48.6","51.4","40.0","13.0","43.2","3.8","3.12","58.2","72996","2.7","1.8","3.0","2.8","3.7","8.7","12.1","16.7","12.9","17.0","18.8","35.8","39484","51.6","187234","286011","1237","30.9","7.7","15.7","24.2","32.7","19.7","52.4","47.4","70.1","4.5","56.1","28.6","4.7","0.4","0.1","4.7","5.4","11.3","9.0","12.1","2.7","24.0","10.4","5.1","39580","Raleigh-Cary, NC","TRUE","450","Raleigh-Durham-Cary, NC"
"Richmond","Richmond","","VA","Virginia","51760","Richmond","51760","Richmond","37.5295","-77.4756","1073223","225676","1454.1","shape","FALSE","TRUE","FALSE","FALSE","America/New_York","1","23222 23223 23298 23284 23220 23221 23226 23227 23224 23225 23230 23235 23234 23219 23173 23218 23232 23249 23260 23261 23269 23274 23276 23278 23282 23285 23286 23289 23290 23291 23292 23295","1840001698","34.4","10.6","10.4","19.8","17.5","10.4","11.8","11.0","5.6","2.9","13.2","11.8","82.6","47.5","52.5","29.4","14.2","51.2","5.2","3.05","50.8","54795","4.7","4.3","5.1","5.4","4.2","9.4","13.7","17.4","11.3","11.7","12.8","24.5","31573","43.4","98821","262986","1132","34.5","12.3","20.4","24.2","25.1","18.0","43.1","44.2","67.4","6.0","44.8","45.2","2.1","0.2","0.0","3.0","4.6","7.3","14.2","19.8","2.6","21.7","10.7","6.0","40060","Richmond, VA","TRUE","",""
"Memphis","Memphis","","TN","Tennessee","47157","Shelby","47157","Shelby","35.1087","-89.9663","1037998","634139","830.2","shape","FALSE","TRUE","FALSE","FALSE","America/Chicago","1","38120 38127 38126 38107 38106 38105 38104 38103 38109 38108 38152 38132 38141 38112 38114 38111 38113 38115 38116 38117 38118 38119 38018 38016 38133 38131 38134 38128 38122 38125 37501 37544 38088 38101 38124 38130 38136 38137 38145 38148 38150 38151 38157 38159 38161 38163 38166 38168 38173 38174 38175 38177 38181 38182 38184 38186 38187 38188 38190 38193 38194 38197","1840015457","34.2","14.2","13.2","16.0","14.0","11.5","11.5","11.1","5.9","2.7","13.4","10.0","75.0","47.4","52.6","31.4","14.7","48.1","5.7","3.41","43.7","43981","6.4","4.2","7.1","5.3","6.0","11.8","14.4","17.4","9.6","9.6","8.3","17.9","27564","46.8","249554","113495","965","35.0","13.4","30.9","28.6","16.4","10.6","27.0","38.7","63.3","9.0","27.1","64.6","1.7","0.3","0.0","3.7","2.7","7.7","13.4","24.2","2.0","21.7","14.2","6.0","32820","Memphis, TN-MS-AR","TRUE","368","Memphis-Forrest City, TN-MS-AR"
"Oklahoma City","Oklahoma City","","OK","Oklahoma","40109","Oklahoma","40109|40017|40027","Oklahoma|Canadian|Cleveland","35.4676","-97.5136","998806","673183","428.6","shape","FALSE","TRUE","FALSE","FALSE","America/Chicago","2","73099 73119 73118 73114 73117 73116 73111 73110 73112 73020 73012 73013 73142 73141 73145 73149 73169 73078 73108 73109 73106 73107 74857 73139 73132 73131 73135 73134 73008 73097 73084 73105 73162 73103 73054 73151 73150 73159 73064 73104 73102 73179 73173 73170 73049 73160 73165 73127 73120 73121 73122 73128 73129 73101 73113 73124 73125 73126 73136 73137 73143 73144 73146 73147 73148 73152 73154 73155 73157 73163 73164 73167 73172 73178 73184 73189 73190 73194 73195","1840020428","34.9","14.2","13.6","14.6","15.2","12.3","11.6","10.0","5.7","2.8","12.7","9.0","74.6","49.6","50.4","46.6","14.8","33.3","5.3","3.19","54.3","59679","3.9","2.6","4.3","3.4","4.4","9.6","13.9","18.7","12.8","14.6","12.0","26.6","34017","60.0","265519","167965","933","28.2","12.5","24.6","30.6","20.5","11.9","32.4","40.8","67.8","4.4","64.3","13.8","4.4","3.2","0.1","4.7","9.4","19.9","13.1","14.9","3.9","21.7","14.4","8.4","36420","Oklahoma City, OK","TRUE","416","Oklahoma City-Shawnee, OK"
"Hartford","Hartford","","CT","Connecticut","09110","Capitol","09110","Capitol","41.7661","-72.6834","974684","121562","2700.6","shape","FALSE","TRUE","FALSE","FALSE","America/New_York","2","06106 06105 06103 06120 06112 06114 06101 06102 06104 06115 06123 06126 06127 06132 06133 06134 06140 06141 06142 06143 06144 06145 06146 06147 06150 06151 06152 06154 06160 06167 06176 06183","1840004773","33.0","12.4","15.7","17.4","14.0","12.7","11.2","9.2","4.7","2.6","11.5","14.0","76.7","47.9","52.1","24.9","13.9","56.8","4.4","3.24","43.0","37477","7.1","6.8","9.6","5.9","5.4","13.5","12.0","15.3","8.6","9.1","6.7","15.8","24181","25.5","46879","171868","1057","43.3","26.1","33.7","23.5","9.5","7.2","16.7","46.2","60.5","11.5","27.8","36.4","2.6","0.5","0.1","20.7","12.0","45.5","14.9","28.4","15.8","21.7","9.4","2.2","25540","Hartford-East Hartford-Middletown, CT","TRUE","278","Hartford-East Hartford, CT"
"Louisville","Louisville","","KY","Kentucky","21111","Jefferson","21111","Jefferson","38.1663","-85.6485","963812","630260","924.7","shape","FALSE","TRUE","FALSE","FALSE","America/New_York","2","40245 40242 40241 40218 40219 40214 40216 40211 40213 40059 40291 40299 40220 40223 40222 40229 40228 40023 40272 40207 40209 40258 40118 40018 40027 40225 40261 40268 40269 40281","1840030815","37.6","12.2","12.8","14.1","13.9","12.2","13.0","12.1","6.3","3.5","15.1","9.2","77.5","48.6","51.4","42.0","14.8","36.9","6.3","3.09","52.9","58357","3.3","3.3","4.6","4.6","4.3","9.5","13.3","18.5","12.3","14.3","12.0","26.3","32864","60.2","257758","175384","931","30.2","9.8","28.2","30.4","18.9","12.7","31.6","42.8","65.9","5.6","67.1","23.8","2.7","0.1","0.1","1.4","4.8","6.5","14.3","15.2","3.3","22.7","5.6","7.0","31140","Louisville/Jefferson County, KY-IN","TRUE","350","Louisville/Jefferson County--Elizabethtown--Bardstown, KY-IN"
"Buffalo","Buffalo","","NY","New York","36029","Erie","36029","Erie","42.9018","-78.8487","944589","276011","2639.2","shape","FALSE","TRUE","FALSE","FALSE","America/New_York","2","14208 14209 14202 14203 14201 14206 14207 14204 14220 14222 14211 14210 14213 14212 14215 14214 14216 14205 14233 14240 14263 14264 14267 14269 14270 14272 14273 14276 14280","1840000386","33.9","12.8","12.9","17.8","14.9","10.9","11.6","11.0","5.2","3.0","12.9","11.3","77.5","48.1","51.9","29.5","13.7","51.2","5.6","3.14","43.4","42186","6.2","4.8","8.7","6.5","6.1","10.9","13.3","16.7","9.8","9.8","7.2","17.0","26277","42.7","118071","115442","849","33.6","14.0","27.2","29.4","16.8","12.7","29.5","42.1","60.3","7.7","47.8","33.3","6.7","0.4","0.0","5.8","5.9","12.2","16.7","27.6","4.4","19.9","4.1","5.5","15380","Buffalo-Cheektowaga, NY","TRUE","160","Buffalo-Cheektowaga-Olean, NY"
"New Orleans","New Orleans","","LA","Louisiana","22071","Orleans","22071","Orleans","30.0687","-89.9288","932759","383974","874.7","shape","FALSE","TRUE","FALSE","FALSE","America/Chicago","2","70139 70130 70131 70148 70114 70115 70116 70117 70112 70113 70118 70119 70129 70128 70125 70124 70127 70126 70122 70163 70142 70145 70146 70150 70151 70152 70153 70154 70156 70157 70158 70159 70160 70161 70162 70164 70165 70166 70167 70170 70172 70174 70175 70176 70177 70178 70179 70181 70182 70184 70185 70186 70187 70189 70190 70195","1840001839","37.7","11.1","11.3","14.1","17.2","11.9","12.7","12.1","6.4","3.2","15.2","8.4","80.0","47.5","52.5","29.4","15.4","49.7","5.5","3.57","46.1","45594","7.1","6.6","7.6","5.8","5.5","9.5","10.4","15.0","9.4","10.8","12.3","23.1","27682","48.0","156586","255089","1079","45.7","11.8","22.4","26.6","21.9","17.2","39.1","41.2","61.3","8.4","32.7","58.1","2.7","0.2","0.0","2.1","4.1","5.6","13.7","23.8","1.6","23.5","8.8","4.9","35380","New Orleans-Metairie, LA","TRUE","406","New Orleans-Metairie-Hammond, LA-MS"
"Fort Worth","Fort Worth","","TX","Texas","48439","Tarrant","48439|48121|48367|48497","Tarrant|Denton|Parker|Wise","32.7817","-97.3474","908469","908469","1003.4","shape","FALSE","TRUE","FALSE","FALSE","America/Chicago","2","76164 76040 76134 76135 76137 76131 76132 76133 76109 76108 76105 76104 76107 76106 76103 76102 76155 76053 76052 76123 76120 76244 76008 76179 76177 76036 76140 76262 76006 76118 76119 76116 76117 76114 76115 76112 76110 76111 76129 76127 76126 76101 76113 76121 76122 76124 76130 76147 76150 76161 76162 76163 76166 76190 76191 76193 76195 76196 76197 76198 76199","1840020696","33.0","15.2","14.9","15.0","15.6","13.1","11.5","8.3","4.2","2.1","9.9","9.8","72.7","48.8","51.2","46.7","13.3","35.5","4.4","3.46","56.7","67927","2.7","2.3","3.7","3.2","3.8","8.7","11.6","18.6","13.5","17.2","14.6","31.8","34728","56.7","317872","206898","1187","31.1","16.5","24.5","28.0","20.6","10.4","31.0","42.4","68.6","5.5","55.8","18.8","4.9","0.5","0.1","11.3","8.6","35.3","9.7","13.4","6.4","27.1","18.8","6.5","19100","Dallas-Fort Worth-Arlington, TX","TRUE","206","Dallas-Fort Worth, TX-OK"
"Bridgeport","Bridgeport","","CT","Connecticut","09120","Greater Bridgeport","09120","Greater Bridgeport","41.1918","-73.1954","908251","148529","3569.8","shape","FALSE","TRUE","FALSE","FALSE","America/New_York","2","06605 06604 06607 06606 06608 06610 06601 06602","1840004836","34.9","12.1","14.6","16.0","13.8","13.2","12.5","9.7","5.2","3.0","12.1","12.1","77.1","48.0","52.0","33.9","13.6","46.6","5.9","3.44","55.2","50597","4.3","5.7","7.0","5.1","4.8","9.4","13.1","18.8","11.3","11.7","8.7","20.4","26635","42.7","52914","192681","1225","42.5","22.4","32.3","25.1","12.8","7.3","20.1","41.2","66.4","9.8","34.0","34.7","4.5","0.4","0.1","18.7","7.6","41.7","15.6","23.2","15.7","29.5","13.3","2.7","14860","Bridgeport-Stamford-Norwalk, CT","TRUE","408","New York-Newark, NY-NJ-CT-PA"
"Tucson","Tucson","","AZ","Arizona","04019","Pima","04019","Pima","32.1541","-110.8787","878320","538167","859.3","shape","FALSE","TRUE","FALSE","FALSE","America/Phoenix","2","85705 85707 85706 85709 85710 85756 85723 85726 85724 85701 85708 85719 85748 85745 85747 85716 85714 85715 85712 85713 85711 85734 85730 85721 85702 85703 85717 85720 85722 85725 85731 85732 85738 85751 85754 85775","1840022101","34.2","11.5","13.1","19.6","13.5","11.1","10.9","10.4","6.3","3.6","14.8","15.0","79.3","49.7","50.3","36.7","16.1","42.0","5.2","3.09","48.4","48058","4.4","3.9","5.6","5.8","5.6","11.3","15.2","18.1","12.0","11.7","6.5","18.2","27334","51.3","218790","177418","907","32.0","13.7","22.8","34.6","17.5","11.4","28.9","47.9","62.4","7.0","64.8","4.8","3.1","3.4","0.2","11.1","12.6","44.6","15.0","19.8","5.2","22.3","11.3","8.6","46060","Tucson, AZ","TRUE","536","Tucson-Nogales, AZ"
"El Paso","El Paso","","TX","Texas","48141","El Paso","48141","El Paso","31.8476","-106.4300","865270","676395","1010.2","shape","FALSE","TRUE","FALSE","FALSE","America/Denver","2","79901 79902 79903 79904 79905 79906 79907 79930 79932 79935 79934 79936 79915 79912 79911 79835 79922 79920 79927 79924 79925 79910 79913 79914 79917 79923 79926 79931 79937 79940 79941 79942 79943 79944 79945 79946 79947 79948 79949 79950 79951 79952 79953 79954 79955 79958 79960 79961 79968 79976 79978 79980 79995 79996 79997 79998 79999 88540 88541 88542 88543 88544 88545 88546 88547 88548 88549 88550 88553 88554 88555 88556 88557 88558 88559 88560 88561 88562 88563 88565 88566 88567 88568 88569 88570 88571 88572 88573 88574 88575 88576 88577 88578 88579 88580 88581 88582 88583 88584 88585 88586 88588 88590 88595","1840023252","33.5","13.8","15.1","16.2","13.4","12.0","11.2","9.4","5.5","3.3","13.1","11.0","73.9","49.2","50.8","44.8","14.6","34.9","5.7","3.44","49.1","51325","4.0","4.2","5.6","5.6","5.8","10.6","13.3","18.8","10.7","12.7","8.8","21.5","25732","59.8","236708","137614","910","32.3","18.6","23.1","31.5","17.7","9.0","26.7","41.9","62.7","6.7","59.6","3.4","1.3","0.6","0.2","14.2","20.7","81.6","13.6","18.3","19.9","23.5","20.0","8.5","21340","El Paso, TX","TRUE","238","El Paso-Las Cruces, TX-NM"
"Omaha","Omaha","","NE","Nebraska","31055","Douglas","31055","Douglas","41.2627","-96.0529","821345","488059","1320.8","shape","FALSE","TRUE","FALSE","FALSE","America/Chicago","2","68112 68114 68117 68116 68118 68182 68183 68105 68108 68178 68110 68122 68127 68124 68111 68022 68137 68135 68132 68144 68134 68131 68130 68102 68106 68107 68104 68164 68152 68154 68101 68103 68109 68119 68139 68145 68172 68175 68176 68179 68180 68197 68198","1840009315","35.0","13.7","14.0","14.8","14.8","11.8","11.9","10.6","5.5","3.1","13.4","9.7","75.2","49.6","50.4","45.6","12.4","37.2","4.8","3.18","59.1","65359","3.4","2.2","3.9","3.5","3.8","8.4","12.5","18.9","13.7","15.5","14.2","29.7","36186","58.3","195393","177665","999","28.0","9.7","21.7","29.8","24.9","13.8","38.7","39.9","70.2","4.5","73.6","12.0","4.0","0.6","0.0","3.4","6.4","14.5","10.9","12.1","3.3","19.3","10.3","6.7","36540","Omaha-Council Bluffs, NE-IA","TRUE","420","Omaha-Council Bluffs-Fremont, NE-IA"
"McAllen","McAllen","","TX","Texas","48215","Hidalgo","48215","Hidalgo","26.2252","-98.2467","797341","141941","879.6","shape","FALSE","TRUE","FALSE","FALSE","America/Chicago","2","78573 78504 78503 78501 78557 78502 78505","1840021024","33.0","15.1","16.7","14.4","13.6","13.1","10.1","8.4","5.8","2.8","12.7","9.6","71.0","49.4","50.6","47.6","12.1","34.8","5.5","3.56","49.8","52422","3.8","5.6","4.7","5.9","6.0","9.8","12.4","17.1","10.5","14.6","9.6","24.2","24931","59.0","46679","133672","878","31.7","23.0","19.7","25.9","21.0","10.5","31.5","43.0","62.4","5.9","59.7","1.0","2.8","0.4","0.1","17.8","18.2","86.2","12.6","21.0","18.6","20.1","27.4","3.6","32580","McAllen-Edinburg-Mission, TX","TRUE","365","McAllen-Edinburg, TX"
"Hempstead","Hempstead","","NY","New York","36059","Nassau","36059","Nassau","40.6629","-73.6089","791018","791018","2577.0","shape","FALSE","FALSE","FALSE","TRUE","America/New_York","2","11549 11530 11516 11714 11569 11561 11563 11565 11566 11793 11550 11553 11552 11554 11557 11556 11559 11558 11580 11581 11010 11509 11096 11575 11570 11710 11520 11756 11572 11590 11598 11003 11001 11518 11510 11783 11002 11531 11551 11555 11571 11582 11599","1840005293","40.5","11.6","12.8","12.8","12.1","12.8","14.5","12.3","7.0","4.2","16.7","9.0","78.1","49.0","51.0","51.3","8.5","34.5","5.7","3.55","64.7","122342","1.4","1.1","1.9","1.8","2.2","3.9","6.6","10.9","10.7","19.7","39.8","59.5","47145","81.8","248907","500731","1841","37.6","9.5","23.9","24.4","23.9","18.3","42.2","42.2","66.3","4.9","59.6","17.3","6.9","0.3","0.0","9.4","6.5","21.0","8.4","5.7","4.9","36.2","4.5","3.5","35620","New York-Newark-Jersey City, NY-NJ-PA","TRUE","408","New York-Newark, NY-NJ-CT-PA"
"Birmingham","Birmingham","","AL","Alabama","01073","Jefferson","01073|01117","Jefferson|Shelby","33.5279","-86.7971","782111","202234","531.2","shape","FALSE","TRUE","FALSE","FALSE","America/Chicago","2","35218 35214 35215 35217 35210 35211 35212 35213 35224 35221 35222 35203 35207 35206 35205 35204 35209 35208 35094 35254 35068 35061 35228 35234 35235 35233 35243 35242 35249 35201 35202 35220 35232 35237 35238 35246 35255 35259 35261 35270 35282 35283 35285 35287 35290 35291 35292 35294 35295 35298","1840006507","36.2","10.9","11.4","17.9","14.0","11.4","11.2","13.3","6.4","3.5","15.7","11.0","80.6","47.2","52.8","27.4","18.2","47.3","7.1","3.24","41.2","39403","5.7","6.3","7.3","7.0","6.6","13.2","12.8","16.5","9.5","8.5","6.6","15.1","24125","45.8","85521","109537","906","35.2","12.1","28.1","30.9","17.5","11.3","28.8","41.4","58.7","8.0","25.1","68.7","1.4","0.2","0.0","2.1","2.4","4.4","18.4","25.5","2.0","21.7","12.9","6.7","13820","Birmingham-Hoover, AL","TRUE","142","Birmingham-Hoover-Talladega, AL"
"Albuquerque","Albuquerque","","NM","New Mexico","35001","Bernalillo","35001","Bernalillo","35.1054","-106.6465","769986","562336","1159.4","shape","FALSE","TRUE","FALSE","FALSE","America/Denver","2","87123 87112 87113 87110 87111 87114 87109 87108 87101 87102 87105 87104 87107 87106 87120 87119 87125 87131 87153 87154 87158 87181 87184 87187 87190 87191 87192 87194 87196 87197 87198 87199","1840019176","37.5","11.1","13.2","14.3","14.7","12.3","12.5","11.3","6.7","3.8","15.9","9.2","78.2","49.0","51.0","40.1","16.2","38.2","5.5","3.12","48.8","56366","4.5","3.5","5.1","4.4","4.5","9.8","12.9","18.0","11.6","14.8","10.9","25.7","32184","60.1","236191","214352","932","31.1","9.1","21.8","31.8","20.4","17.0","37.4","50.0","64.1","5.6","65.6","3.2","3.1","4.8","0.1","9.3","14.1","49.8","14.2","16.2","3.8","22.0","7.9","8.4","10740","Albuquerque, NM","TRUE","106","Albuquerque-Santa Fe-Las Vegas, NM"
"Tulsa","Tulsa","","OK","Oklahoma","40143","Tulsa","40143|40145|40113","Tulsa|Wagoner|Osage","36.1283","-95.9042","731743","410652","801.7","shape","FALSE","TRUE","FALSE","FALSE","America/Chicago","2","74137 74134 74132 74133 74130 74136 74135 74146 74145 74127 74126 74112 74114 74115 74119 74015 74106 74129 74128 74120 74171 74110 74116 74117 74107 74105 74103 74104 74108 74101 74121 74141 74147 74148 74149 74150 74152 74153 74155 74156 74158 74159 74169 74170 74172 74182 74186 74187 74192 74193","1840021672","35.6","13.7","13.4","14.7","14.2","12.0","11.5","11.0","6.2","3.4","14.7","9.3","75.5","48.8","51.2","42.4","16.8","35.0","5.7","3.19","49.9","52438","4.7","3.2","4.7","4.6","5.1","11.0","14.2","17.7","11.5","11.7","11.5","23.2","30946","52.4","167948","150160","882","28.4","12.1","25.3","30.2","20.7","11.7","32.4","39.1","65.1","6.3","62.1","14.8","3.5","4.5","0.2","4.5","10.5","17.1","14.2","18.0","3.6","18.6","16.7","6.7","46140","Tulsa, OK","TRUE","538","Tulsa-Muskogee-Bartlesville, OK"
"Fresno","Fresno","","CA","California","06019","Fresno","06019","Fresno","36.7830","-119.7939","725276","538678","1795.8","shape","FALSE","TRUE","FALSE","FALSE","America/Los_Angeles","2","93740 93741 93730 93650 93702 93703 93701 93706 93704 93705 93722 93728 93720 93721 93726 93727 93711 93710 93707 93708 93709 93714 93715 93716 93717 93718 93724 93729 93744 93745 93750 93755 93760 93761 93764 93765 93771 93772 93774 93775 93776 93777 93778 93779 93790 93791 93792 93793 93794 93844","1840020319","31.7","15.5","15.5","16.0","14.8","11.4","10.5","8.6","4.8","2.8","11.6","10.5","71.8","49.7","50.3","40.0","12.9","42.2","4.9","3.69","49.9","57211","4.6","3.2","5.6","4.8","5.3","9.5","11.9","17.3","11.8","14.5","11.5","26.0","27435","47.6","174756","272398","1115","35.2","21.0","22.2","33.2","15.8","7.9","23.7","46.0","61.9","9.3","49.9","6.8","14.2","1.2","0.2","13.1","14.5","50.0","14.5","22.9","9.1","22.4","7.0","5.0","23420","Fresno, CA","TRUE","260","Fresno-Madera-Hanford, CA"
"Charleston","Charleston","","SC","South Carolina","45019","Charleston","45019|45015","Charleston|Berkeley","32.8168","-79.9687","706884","147928","496.5","shape","FALSE","TRUE","FALSE","FALSE","America/New_York","2","29414 29424 29425 29455 29405 29407 29401 29403 29409 29492 29412 29402 29413 29417 29422 29457","1840015163","35.5","10.7","9.7","18.3","17.9","10.7","11.9","10.6","6.6","3.7","15.1","12.1","83.1","47.4","52.6","43.3","11.4","40.3","5.1","2.92","55.7","76556","4.4","2.5","2.2","3.6","2.9","6.2","11.3","15.8","12.3","18.6","20.3","38.9","42792","56.0","63760","370804","1400","32.6","4.2","16.8","23.4","34.5","21.2","55.7","46.5","67.7","3.4","74.1","19.6","1.8","0.3","0.2","1.4","2.6","4.2","9.3","12.0","0.8","23.4","6.8","7.4","16700","Charleston-North Charleston, SC","TRUE","",""
"Rochester","Rochester","","NY","New York","36055","Monroe","36055","Monroe","43.1680","-77.6162","699921","211100","2279.2","shape","FALSE","TRUE","FALSE","FALSE","America/New_York","2","14608 14609 14606 14607 14604 14605 14627 14620 14621 14619 14615 14614 14617 14611 14610 14613 14612 14642 14602 14603 14638 14639 14643 14644 14646 14647 14649 14650 14651 14653","1840000373","32.9","11.9","13.1","19.7","15.4","10.5","12.2","9.6","5.4","2.4","12.1","12.1","78.1","48.5","51.5","24.7","14.5","56.0","4.8","3.12","41.8","40083","5.8","5.3","8.9","6.9","6.4","11.6","13.4","16.7","9.7","9.4","6.0","15.4","25608","37.0","91400","93179","915","38.1","17.5","26.0","27.6","16.4","12.4","28.8","44.9","61.8","8.9","45.1","38.4","3.5","0.5","0.2","5.5","6.9","18.7","18.8","29.3","6.7","19.6","4.9","4.3","40380","Rochester, NY","TRUE","464","Rochester-Batavia-Seneca Falls, NY"
"Dayton","Dayton","","OH","Ohio","39113","Montgomery","39113","Montgomery","39.7805","-84.2003","668825","138416","957.7","shape","FALSE","TRUE","FALSE","FALSE","America/New_York","2","45432 45469 45402 45403 45406 45404 45405 45409 45428 45420 45423 45424 45410 45414 45417 45419 45377 45401 45412 45422 45481 45490","1840034249","33.5","11.8","14.9","18.0","12.8","11.2","12.1","10.8","5.5","2.8","12.8","15.4","78.6","49.6","50.4","25.5","18.1","50.8","5.6","3.04","39.7","37536","6.0","6.5","8.4","8.3","6.4","11.6","14.4","16.9","9.1","7.8","4.6","12.4","20979","47.4","56572","73307","766","36.6","15.0","30.3","36.0","11.8","6.9","18.7","40.2","57.7","10.2","52.6","38.5","1.2","0.4","0.0","1.9","5.3","5.0","17.9","28.6","1.8","20.8","9.1","7.3","19430","Dayton-Kettering, OH","TRUE","212","Dayton-Springfield-Kettering, OH"
"Cape Coral","Cape Coral","","FL","Florida","12071","Lee","12071","Lee","26.6443","-81.9957","654405","193003","702.7","shape","FALSE","TRUE","FALSE","FALSE","America/New_York","2","33990 33993 33914 33991 33909 33904 33910 33915","1840015130","48.3","9.0","10.3","9.4","11.0","12.3","15.5","15.5","11.5","5.2","24.4","6.4","82.6","49.8","50.2","53.3","15.0","24.4","7.3","3.08","47.7","65282","3.2","1.6","2.8","2.3","4.0","8.7","13.7","20.5","15.4","17.2","10.6","27.8","32276","77.0","74387","255977","1456","34.7","7.1","37.1","32.2","15.6","8.0","23.6","41.3","58.2","5.1","80.8","4.3","2.0","0.1","0.0","2.9","9.9","23.2","13.4","9.9","4.8","28.4","12.8","8.6","15980","Cape Coral-Fort Myers, FL","TRUE","163","Cape Coral-Fort Myers-Naples, FL"
"Mission Viejo","Mission Viejo","","CA","California","06059","Orange","06059","Orange","33.6096","-117.6551","642211","93932","2053.7","shape","FALSE","TRUE","FALSE","FALSE","America/Los_Angeles","2","92692 92691 92690","1840020580","45.7","10.7","11.6","9.6","11.2","13.0","16.2","13.5","9.0","5.2","21.0","6.7","79.8","50.0","50.0","60.4","9.7","24.5","5.4","3.20","60.7","126320","1.6","1.4","1.6","1.3","1.8","3.1","6.5","10.9","10.8","20.4","40.6","61.0","51283","78.1","32690","771845","2365","32.5","5.2","14.8","29.0","32.7","18.2","50.9","48.3","64.5","4.9","69.9","1.1","14.1","0.2","0.1","4.8","9.8","18.9","9.4","4.7","4.5","28.0","3.3","6.1","31080","Los Angeles-Long Beach-Anaheim, CA","TRUE","348","Los Angeles-Long Beach, CA"
"Colorado Springs","Colorado Springs","","CO","Colorado","08041","El Paso","08041","El Paso","38.8674","-104.7605","638194","475282","909.2","shape","FALSE","TRUE","FALSE","FALSE","America/Denver","2","80951 80909 80904 80905 80906 80907 80903 80938 80910 80917 80916 80915 80914 80919 80918 80927 80924 80925 80922 80923 80920 80921 80929 80901 80932 80934 80935 80936 80937 80941 80942 80946 80947 80949 80950 80960 80962 80977 80995 80997","1840018825","34.9","12.6","12.7","16.5","15.1","12.0","11.9","10.3","5.9","3.1","13.8","10.4","77.4","50.1","49.9","50.2","14.4","30.9","4.5","3.02","54.9","71957","2.7","1.8","3.4","3.2","3.4","7.6","12.0","18.0","14.2","17.3","16.4","33.7","36432","61.0","188699","323572","1300","32.4","6.1","19.1","34.6","24.3","15.9","40.2","47.3","68.1","5.9","75.2","5.9","3.0","1.0","0.2","4.8","9.9","18.4","13.1","10.9","1.9","23.2","7.9","15.3","17820","Colorado Springs, CO","TRUE","",""
"Baton Rouge","Baton Rouge","","LA","Louisiana","22033","East Baton Rouge","22033","East Baton Rouge","30.4420","-91.1311","635671","225539","1001.6","shape","FALSE","TRUE","FALSE","FALSE","America/Chicago","2","70836 70808 70809 70802 70803 70801 70806 70807 70805 70820 70825 70819 70813 70812 70815 70814 70816 70804 70821 70822 70823 70827 70831 70833 70835 70873 70874 70891 70892 70893 70894 70895 70898","1840013941","32.1","12.6","13.5","20.7","12.5","9.7","11.0","10.7","5.9","3.4","14.2","17.2","78.6","47.6","52.4","30.5","12.9","50.7","5.9","3.45","46.5","46282","6.2","4.5","6.7","6.2","7.3","10.0","11.9","15.4","8.6","11.7","11.4","23.1","24810","49.0","85617","191360","937","38.7","12.7","26.8","25.3","19.7","15.5","35.2","44.3","62.9","9.4","37.2","53.3","3.7","0.2","0.0","1.7","3.8","4.1","16.5","24.4","1.9","21.3","10.5","5.1","12940","Baton Rouge, LA","TRUE","",""
"Allentown","Allentown","","PA","Pennsylvania","42077","Lehigh","42077","Lehigh","40.5961","-75.4756","627863","125250","2753.3","shape","FALSE","TRUE","FALSE","FALSE","America/New_York","2","18104 18101 18103 18102 18109 18001 18105","1840001044","31.9","14.4","15.2","16.8","14.5","10.7","11.1","9.3","4.8","3.1","12.2","12.3","74.3","48.8","51.2","34.6","13.7","46.7","5.0","3.35","51.5","47703","3.5","3.8","5.7","6.5","6.0","10.9","16.1","19.7","11.2","10.9","5.7","16.6","24144","41.5","45195","146256","1100","36.4","19.4","36.5","26.8","11.5","5.7","17.2","44.5","63.3","9.6","53.0","14.1","3.1","0.8","0.0","14.6","14.3","54.5","16.0","23.3","16.5","23.5","11.4","3.6","10900","Allentown-Bethlehem-Easton, PA-NJ","TRUE","",""
"Ogden","Ogden","","UT","Utah","49057","Weber","49057","Weber","41.2279","-111.9682","622918","86110","1206.8","shape","FALSE","TRUE","FALSE","FALSE","America/Denver","2","84404 84401 84403 84408 84244 84407 84409 84415","1840020135","32.9","14.1","13.1","17.7","15.9","11.8","11.1","8.8","5.2","2.1","11.2","11.0","75.2","51.9","48.1","44.5","17.4","33.8","4.3","3.32","56.3","58284","3.1","3.3","3.9","3.3","4.4","10.5","13.7","20.6","14.3","14.1","8.8","22.9","31011","59.8","31506","220507","930","27.7","14.3","28.7","33.1","16.5","7.4","23.9","44.7","67.2","4.5","79.1","1.9","1.4","1.3","0.3","8.3","7.7","30.3","14.1","14.3","2.5","21.2","13.2","6.6","36260","Ogden-Clearfield, UT","TRUE","482","Salt Lake City-Provo-Orem, UT"
"Provo","Provo","","UT","Utah","49049","Utah","49049","Utah","40.2457","-111.6457","619218","113538","1051.2","shape","FALSE","TRUE","FALSE","FALSE","America/Denver","2","84606 84604 84602 84601 84603 84605","1840020174","23.7","11.5","14.9","43.1","8.6","7.7","5.2","4.9","2.4","1.8","6.5","37.4","79.6","49.2","50.8","43.8","5.1","48.8","2.2","3.32","67.8","53572","2.5","3.8","5.1","5.2","5.0","11.3","14.1","19.1","12.7","10.7","10.5","21.2","16918","40.3","32856","328393","973","30.7","7.3","14.4","34.0","31.6","12.7","44.3","41.7","71.9","4.6","83.0","1.1","2.6","1.0","1.1","4.0","7.1","17.8","9.6","24.6","2.3","18.7","10.7","2.2","39340","Provo-Orem, UT","TRUE","482","Salt Lake City-Provo-Orem, UT"
"Knoxville","Knoxville","","TN","Tennessee","47093","Knox","47093","Knox","35.9692","-83.9496","615829","189339","740.4","shape","FALSE","TRUE","FALSE","FALSE","America/New_York","2","37909 37902 37924 37920 37921 37922 37923 37929 37919 37918 37915 37914 37917 37916 37912 37901 37927 37928 37939 37950 37995 37996 37997","1840014486","33.5","10.8","12.2","21.6","13.8","10.8","11.6","9.7","6.1","3.2","13.9","17.0","81.0","48.3","51.7","34.5","15.9","43.4","6.1","2.99","49.3","44308","5.2","3.8","6.1","6.6","6.3","12.6","14.6","17.3","9.9","10.3","7.3","17.6","26112","47.0","82586","154239","938","34.7","10.1","27.6","28.9","20.1","13.3","33.4","45.8","63.4","5.3","74.9","16.4","1.7","0.1","0.0","1.7","5.1","5.7","14.0","21.3","1.8","20.5","10.4","6.5","28940","Knoxville, TN","TRUE","315","Knoxville-Morristown-Sevierville, TN"
"Grand Rapids","Grand Rapids","","MI","Michigan","26081","Kent","26081","Kent","42.9619","-85.6562","609023","197858","1706.1","shape","FALSE","TRUE","FALSE","FALSE","America/Detroit","2","49546 49506 49505 49503 49507 49504 49508 49501 49502 49514 49515 49523 49555 49588 49599","1840002928","31.5","13.0","12.6","21.2","15.5","10.0","10.4","8.6","5.6","2.9","12.4","13.6","77.8","48.9","51.1","38.1","11.7","45.3","4.9","3.19","58.3","55385","3.8","3.7","5.0","4.8","5.0","8.1","14.1","19.0","14.1","14.3","8.0","22.3","29440","55.5","76961","167753","1013","31.5","11.3","22.2","27.7","25.6","13.2","38.8","38.9","68.4","6.2","64.0","18.4","2.8","0.4","0.0","5.1","9.4","15.7","11.7","18.6","3.7","19.2","8.4","4.6","24340","Grand Rapids-Kentwood, MI","TRUE","266","Grand Rapids-Kentwood-Muskegon, MI"
"Columbia","Columbia","","SC","South Carolina","45079","Richland","45079|45063","Richland|Lexington","34.0378","-80.9036","604065","137276","384.6","shape","FALSE","TRUE","FALSE","FALSE","America/New_York","2","29203 29207 29205 29208 29209 29225 29212 29210 29201 29206 29204 29202 29214 29215 29216 29217 29218 29220 29224 29226 29240 29250","1840014730","28.2","9.4","18.7","25.5","13.1","9.7","9.2","7.8","4.4","2.1","10.2","26.5","82.5","50.0","50.0","29.6","10.7","55.7","4.0","3.02","49.1","48791","7.8","5.0","6.0","4.2","6.0","9.7","12.6","14.8","10.5","11.2","12.1","23.3","24416","46.1","50372","190801","1007","39.7","9.5","19.3","26.5","25.1","19.6","44.7","41.6","65.2","7.3","50.7","40.9","2.6","0.2","0.2","1.4","4.0","5.6","12.8","24.3","1.2","16.6","8.6","8.1","17900","Columbia, SC","TRUE","192","Columbia-Orangeburg-Newberry, SC"
"Albany","Albany","","NY","New York","36001","Albany","36001","Albany","42.6664","-73.7987","590694","99402","1793.1","shape","FALSE","TRUE","FALSE","FALSE","America/New_York","2","12208 12209 12204 12206 12207 12202 12203 12205 12210 12226 12222 12201 12223 12228 12229 12230 12231 12232 12233 12234 12235 12236 12237 12238 12239 12240 12241 12242 12243 12244 12245 12246 12248 12250 12255 12257 12260 12261","1840000417","31.6","9.1","13.0","25.0","13.6","10.4","10.2","9.5","5.4","3.8","13.5","21.4","83.6","46.9","53.1","26.5","11.8","56.5","5.2","2.94","48.3","52583","5.7","4.6","5.6","5.2","4.5","9.3","13.1","16.4","11.4","13.9","10.2","24.1","28612","38.1","42502","186829","1061","33.9","10.7","20.2","25.1","22.2","21.9","44.1","50.5","64.7","7.4","54.0","27.7","7.5","0.1","0.0","3.1","7.4","9.9","13.6","21.7","4.0","18.3","4.7","4.0","10580","Albany-Schenectady-Troy, NY","TRUE","104","Albany-Schenectady, NY"
"Bakersfield","Bakersfield","","CA","California","06029","Kern","06029","Kern","35.3529","-119.0359","571992","398756","1024.5","shape","FALSE","TRUE","FALSE","FALSE","America/Los_Angeles","2","93306 93307 93304 93305 93301 93309 93314 93311 93313 93312 93302 93383 93384 93385 93387 93389 93390","1840019148","31.3","16.2","16.4","15.4","14.5","11.9","10.7","8.5","4.1","2.4","10.1","9.9","69.9","49.6","50.4","46.3","11.5","37.7","4.5","3.69","51.0","69014","2.9","1.9","4.9","3.0","3.4","8.8","11.6","17.0","14.1","17.4","15.1","32.5","31767","59.9","123334","269343","1177","32.8","18.5","25.1","33.5","15.0","8.0","23.0","46.1","63.1","7.5","57.9","7.0","7.2","0.9","0.2","14.4","12.5","52.0","10.5","16.3","6.1","23.9","7.8","4.7","12540","Bakersfield, CA","TRUE","",""
"New Haven","New Haven","","CT","Connecticut","09170","South Central Connecticut","09170","South Central Connecticut","41.3113","-72.9246","565572","133874","2765.6","shape","FALSE","TRUE","FALSE","FALSE","America/New_York","2","06519 06511 06510 06513 06512 06515 06501 06502 06503 06505 06506 06507 06508 06509 06520 06521 06530 06531 06532 06533 06534 06535 06536 06540","1840004850","30.7","12.0","15.0","21.4","14.8","11.8","10.5","7.9","4.5","2.1","10.5","15.0","77.6","46.7","53.3","25.5","11.5","59.1","3.9","3.36","48.6","48973","5.6","5.0","7.9","5.6","5.4","9.8","11.2","17.2","10.3","11.4","10.6","22.0","26941","28.0","50264","207495","1267","41.8","14.6","30.2","18.7","16.3","20.2","36.5","48.9","64.6","8.3","40.1","33.9","5.2","0.2","0.0","13.3","7.3","30.3","10.3","24.6","9.1","22.4","7.8","2.4","35300","New Haven-Milford, CT","TRUE","408","New York-Newark, NY-NJ-CT-PA"
"Des Moines","Des Moines","","IA","Iowa","19153","Polk","19153|19181","Polk|Warren","41.5725","-93.6105","548926","213545","935.0","shape","FALSE","TRUE","FALSE","FALSE","America/Chicago","2","50309 50312 50314 50315 50316 50317 50310 50313 50319 50321 50320 50311 50301 50302 50303 50304 50305 50306 50307 50308 50318 50328 50329 50330 50331 50332 50335 50340 50380 50381 50391 50392 50393 50394 50395 50396 50936 50940 50947 50950 50980 50981 50982 50983","1840007069","34.2","13.4","13.6","16.4","14.3","12.2","12.5","9.8","4.9","2.8","12.1","10.6","76.1","49.1","50.9","39.8","15.1","39.5","5.5","3.18","56.9","58444","2.8","2.5","4.7","4.7","4.2","9.4","14.7","20.2","14.3","13.6","8.9","22.5","33370","60.0","86992","149034","916","28.4","12.9","29.6","29.4","19.3","8.8","28.1","40.4","70.1","5.8","71.7","11.2","7.2","0.3","0.1","3.3","6.2","14.6","13.7","15.3","4.7","19.1","6.3","5.8","19780","Des Moines-West Des Moines, IA","TRUE","218","Des Moines-Ames-West Des Moines, IA"
"Akron","Akron","","OH","Ohio","39153","Summit","39153","Summit","41.0798","-81.5219","541945","191483","1193.7","shape","FALSE","TRUE","FALSE","FALSE","America/New_York","2","44306 44307 44304 44305 44302 44303 44301 44308 44325 44320 44311 44310 44313 44312 44319 44314 44309 44315 44316 44317 44326 44328 44334 44396 44398","1840000791","36.8","12.3","12.1","16.5","12.8","11.7","13.1","12.0","6.3","3.3","14.9","11.3","78.6","47.9","52.1","33.1","17.3","44.2","5.4","3.01","43.9","42129","5.6","5.2","6.7","6.0","6.5","11.3","15.3","18.6","11.3","8.9","4.6","13.5","25975","50.0","83538","86621","821","32.7","12.0","33.6","32.4","14.5","7.5","22.0","40.3","63.6","8.6","57.8","30.1","4.3","0.2","0.0","0.9","6.8","3.2","16.5","23.0","2.4","22.0","8.2","6.8","10420","Akron, OH","TRUE","184","Cleveland-Akron-Canton, OH"
"Palm Bay","Palm Bay","","FL","Florida","12009","Brevard","12009","Brevard","27.9631","-80.6593","534348","118709","530.4","shape","FALSE","TRUE","FALSE","FALSE","America/New_York","2","32909 32908 32905 32907 32976 32902 32906 32910 32911","1840015094","40.9","11.3","13.5","11.8","12.1","11.2","14.4","13.7","7.3","4.6","18.1","7.7","77.7","50.4","49.6","47.5","14.4","31.8","6.4","3.33","48.0","55963","2.0","1.6","4.0","4.3","5.5","10.4","15.6","23.9","13.3","12.2","7.0","19.2","27029","78.3","41900","185258","1220","38.1","10.8","31.1","36.9","14.2","7.1","21.3","46.6","58.9","5.3","65.6","18.5","1.9","0.3","0.0","3.1","10.6","17.9","17.0","13.1","2.7","27.5","12.7","11.1","37340","Palm Bay-Melbourne-Titusville, FL","TRUE","",""
"Concord","Concord","","CA","California","06013","Contra Costa","06013","Contra Costa","37.9722","-122.0016","531175","125769","1589.0","shape","FALSE","TRUE","FALSE","FALSE","America/Los_Angeles","2","94518 94519 94565 94521 94520 94522 94524 94527","1840018905","38.5","13.3","10.5","12.0","16.6","12.5","13.8","11.4","6.5","3.5","15.2","6.9","78.4","49.6","50.4","51.3","11.3","32.5","5.0","3.32","60.8","100011","2.6","1.4","3.0","2.4","2.0","4.8","8.2","13.9","11.8","22.1","27.9","50.0","43401","60.2","45471","610021","1953","36.6","11.2","19.7","32.3","25.2","11.6","36.8","46.1","67.3","4.8","55.4","3.6","13.5","0.8","0.1","13.6","12.9","30.2","12.2","9.1","7.8","33.9","5.8","4.7","41860","San Francisco-Oakland-Berkeley, CA","TRUE","488","San Jose-San Francisco-Oakland, CA"
"Wichita","Wichita","","KS","Kansas","20173","Sedgwick","20173","Sedgwick","37.6895","-97.3443","509003","394574","935.3","shape","FALSE","TRUE","FALSE","FALSE","America/Chicago","2","67230 67235 67260 67217 67216 67215 67214 67213 67212 67211 67210 67219 67218 67223 67220 67226 67202 67203 67204 67205 67206 67207 67208 67209 67201 67275 67276 67277 67278","1840001686","35.4","13.7","13.8","14.9","13.5","11.7","11.9","11.3","5.8","3.5","14.6","9.6","74.9","49.5","50.5","45.6","15.6","33.7","5.0","3.23","52.5","56374","3.2","3.0","4.6","4.1","5.2","10.3","14.0","18.9","12.8","13.6","10.2","23.8","31228","57.8","155184","143843","856","28.4","11.8","26.2","31.5","19.3","11.2","30.5","40.8","66.5","5.9","70.6","10.3","4.9","1.0","0.0","5.2","8.1","17.6","14.8","15.2","3.0","18.7","12.2","7.1","48620","Wichita, KS","TRUE","556","Wichita-Winfield, KS"
"Harrisburg","Harrisburg","","PA","Pennsylvania","42043","Dauphin","42043","Dauphin","40.2752","-76.8843","498329","49969","2376.3","shape","FALSE","TRUE","FALSE","FALSE","America/New_York","2","17101 17102 17103 17104 17120 17110 17105 17108 17121 17122 17123 17124 17125 17126 17127 17128 17129 17130","1840001288","31.6","16.7","14.3","16.6","13.0","11.3","12.5","8.8","4.8","2.0","10.9","9.1","71.1","48.5","51.5","27.3","17.2","49.4","6.1","3.32","43.7","44444","6.4","5.4","6.3","5.5","6.0","10.4","14.9","21.4","10.5","7.6","5.7","13.3","27532","35.6","20953","93827","867","29.5","17.5","33.3","26.7","14.5","8.0","22.5","43.7","67.5","8.7","34.4","50.3","2.6","0.5","0.1","6.3","6.0","25.1","16.6","28.2","8.4","19.4","8.9","5.7","25420","Harrisburg-Carlisle, PA","TRUE","276","Harrisburg-York-Lebanon, PA"
"Mesa","Mesa","","AZ","Arizona","04013","Maricopa","04013","Maricopa","33.4015","-111.7178","497752","497752","1364.4","shape","FALSE","TRUE","FALSE","FALSE","America/Phoenix","2","85208 85209 85201 85202 85203 85204 85205 85206 85207 85215 85213 85212 85210 85211 85214 85216 85274 85275 85277","1840020566","36.6","13.0","13.2","14.6","13.4","11.8","11.8","10.7","7.5","3.9","16.5","8.9","76.2","49.5","50.5","48.5","13.7","32.6","5.2","3.16","51.7","65725","2.8","1.8","3.1","3.5","3.9","8.5","13.5","19.2","14.0","17.1","12.7","29.8","34440","62.5","190363","261578","1196","30.9","9.6","24.1","36.9","19.9","9.6","29.5","40.1","65.1","4.8","75.1","4.4","2.3","2.2","0.3","6.6","9.1","27.5","12.2","12.1","2.9","25.3","11.8","8.2","38060","Phoenix-Mesa-Chandler, AZ","TRUE","429","Phoenix-Mesa, AZ"
"Staten Island","Staten Island","","NY","New York","36085","Richmond","36085","Richmond","40.5834","-74.1496","495747","495747","3286.2","point","FALSE","TRUE","FALSE","FALSE","America/New_York","2","10303 10302 10301 10307 10306 10305 10310 10311 10312 10314 10309 10308 10304 10313","1840034032","","","","","","","","","","","","","","","","","","","","","","","","","","","","","","","","","","","","","","","","","","","","","","","","","","","","","","","","","","","","","","","","35620","New York-Newark-Jersey City, NY-NJ-PA","TRUE","408","New York-Newark, NY-NJ-CT-PA"
"Toledo","Toledo","","OH","Ohio","39095","Lucas","39095","Lucas","41.6638","-83.5827","493302","271454","1302.2","shape","FALSE","TRUE","FALSE","FALSE","America/New_York","2","43615 43614 43611 43613 43612 43607 43610 43606 43604 43605 43608 43609 43620 43623 43601 43603 43635 43652 43656 43657 43659 43660 43661 43666 43667 43681 43682 43697 43699","1840000572","35.5","13.1","13.2","15.5","13.5","11.6","12.6","11.2","6.1","3.3","14.5","10.2","76.7","48.9","51.1","33.2","16.3","44.9","5.6","3.04","42.6","41671","6.0","5.8","7.5","5.0","6.6","11.8","15.0","17.6","11.1","10.2","3.4","13.6","25711","51.9","116257","85684","781","32.5","12.9","32.9","34.5","13.2","6.4","19.6","38.9","62.2","8.7","60.6","28.1","1.3","0.2","0.1","2.9","6.7","8.8","17.6","24.5","1.0","19.9","7.1","6.3","45780","Toledo, OH","TRUE","534","Toledo-Findlay-Tiffin, OH"
"Worcester","Worcester","","MA","Massachusetts","25027","Worcester","25027","Worcester","42.2705","-71.8079","486486","203867","2106.9","shape","FALSE","TRUE","FALSE","FALSE","America/New_York","2","01608 01610 01609 01602 01603 01604 01605 01606 01607 01601 01613 01614 01615 01653 01655","1840000434","34.4","10.5","14.3","18.2","14.5","11.6","12.1","10.3","5.2","3.6","13.0","15.1","80.4","49.3","50.7","34.0","13.3","47.8","4.9","3.14","52.1","56746","4.6","3.8","7.1","5.5","4.4","8.5","12.0","15.8","11.7","14.8","11.9","26.7","30627","42.4","78780","259549","1179","38.0","14.2","28.3","25.3","19.2","13.1","32.3","50.6","62.5","6.2","64.7","12.7","6.8","0.5","0.1","5.5","9.8","23.9","14.3","19.3","12.0","24.6","3.0","3.9","49340","Worcester, MA-CT","TRUE","148","Boston-Worcester-Providence, MA-RI-NH-CT"
"Brookhaven","Brookhaven","","NY","New York","36103","Suffolk","36103","Suffolk","40.8320","-72.9517","485984","485984","722.7","shape","FALSE","FALSE","FALSE","TRUE","America/New_York","2","11764 11934 11933 11763 11766 11967 11961 11713 11715 11719 11955 11792 11790 11794 11951 11950 11953 11741 11742 11980 11779 11778 11770 11772 11940 11973 11727 11720 11755 11776 11784 11786 11782 11789 11949 11941 11733 11738 11777 00544","1840057464","40.2","10.5","14.1","13.4","11.7","12.6","15.1","11.8","7.3","3.6","16.0","10.4","78.7","49.3","50.7","49.4","9.9","34.9","5.8","3.45","60.9","105325","2.3","1.2","1.9","2.2","2.5","4.6","7.7","13.0","11.8","22.1","30.6","52.7","44566","80.7","162833","371404","1951","40.4","8.1","29.2","28.5","18.4","15.7","34.1","45.7","64.3","5.2","80.6","6.0","4.7","0.1","0.0","2.9","5.6","16.0","9.9","6.9","2.4","32.9","3.3","5.0","35620","New York-Newark-Jersey City, NY-NJ-PA","TRUE","408","New York-Newark, NY-NJ-CT-PA"
"Long Beach","Long Beach","","CA","California","06037","Los Angeles","06037","Los Angeles","33.7977","-118.1670","466565","466565","3555.1","shape","FALSE","TRUE","FALSE","FALSE","America/Los_Angeles","2","90822 90804 90805 90806 90807 90802 90803 90808 90831 90814 90813 90810 90815 90840 90801 90809 90832 90833 90842 90844 90846 90847 90848 90853","1840020490","35.9","11.5","12.7","16.0","15.8","13.1","13.0","10.2","5.2","2.5","12.0","9.9","78.6","49.2","50.8","38.3","11.7","45.8","4.2","3.47","56.0","71150","3.3","2.0","4.3","3.3","3.5","8.0","10.8","17.1","13.7","16.4","17.6","34.0","33731","40.5","169958","614927","1516","33.5","19.4","17.7","30.1","21.3","11.5","32.8","43.8","66.8","6.8","47.0","12.1","13.0","1.0","0.5","17.7","8.7","43.9","10.4","15.4","6.6","30.7","8.9","4.2","31080","Los Angeles-Long Beach-Anaheim, CA","TRUE","348","Los Angeles-Long Beach, CA"
"Port St. Lucie","Port St. Lucie","Saint Lucie","FL","Florida","12111","St. Lucie","12111","St. Lucie","27.2796","-80.3884","462047","202177","654.8","shape","FALSE","TRUE","FALSE","FALSE","America/New_York","2","34986 34984 34983 34987 34952 34953 34985","1840015119","42.9","11.1","12.4","10.9","12.0","13.1","13.4","12.5","9.9","4.7","20.4","6.8","78.4","49.3","50.7","51.8","14.2","27.9","6.1","3.20","50.6","68647","2.5","1.1","2.0","3.3","4.2","7.5","12.0","22.5","17.2","16.8","10.7","27.5","32110","80.4","71609","245898","1604","34.1","9.6","31.8","33.2","16.8","8.6","25.4","39.8","60.4","5.4","66.7","18.2","2.0","0.2","0.0","3.5","9.3","21.8","13.8","8.3","3.4","29.6","11.2","9.8","38940","Port St. Lucie, FL","TRUE","370","Miami-Port St. Lucie-Fort Lauderdale, FL"
"Little Rock","Little Rock","","AR","Arkansas","05119","Pulaski","05119","Pulaski","34.7256","-92.3577","459409","201893","648.3","shape","FALSE","TRUE","FALSE","FALSE","America/Chicago","2","72211 72210 72212 72223 72227 72209 72202 72201 72206 72207 72204 72205 72103 72215 72217 72219 72222 72225 72231 72255 72260 72295","1840015509","36.7","13.6","12.6","15.2","13.1","12.8","12.2","11.3","5.8","3.5","14.8","9.1","76.2","47.4","52.6","40.4","15.8","38.2","5.6","3.14","49.7","56928","4.7","2.6","4.2","4.4","5.7","10.4","13.4","16.2","11.5","12.3","14.5","26.8","34646","54.8","85249","180250","940","29.9","8.1","21.7","26.1","25.3","18.8","44.1","44.2","65.9","4.5","48.7","41.2","3.1","0.4","0.1","3.3","3.3","7.8","13.2","15.6","2.4","18.2","8.7","6.6","30780","Little Rock-North Little Rock-Conway, AR","TRUE","340","Little Rock-North Little Rock, AR"
"Reno","Reno","","NV","Nevada","32031","Washoe","32031","Washoe","39.5497","-119.8483","457702","259913","921.8","shape","FALSE","TRUE","FALSE","FALSE","America/Los_Angeles","2","89521 89523 89439 89503 89502 89501 89506 89509 89508 89557 89519 89512 89505 89507 89533 89555 89595 89599","1840020121","36.4","11.5","11.9","16.7","14.6","11.9","12.3","11.2","6.7","3.3","15.3","10.0","79.1","50.3","49.7","42.1","16.6","36.5","4.9","3.02","55.2","67557","3.2","1.9","3.6","3.7","4.0","8.6","11.5","18.1","13.4","16.7","15.4","32.1","35646","48.3","107304","390289","1213","29.1","10.2","22.7","31.6","21.6","14.0","35.6","49.3","67.8","4.9","69.0","3.4","6.9","0.9","0.9","10.5","8.5","23.3","11.2","12.6","3.2","20.6","10.0","7.8","39900","Reno, NV","TRUE","456","Reno-Carson City-Fernley, NV"
"Spokane","Spokane","","WA","Washington","53063","Spokane","53063","Spokane","47.6671","-117.4330","456219","225709","1267.4","shape","FALSE","TRUE","FALSE","FALSE","America/Los_Angeles","2","99201 99203 99202 99205 99204 99207 99208 99258 99224 99223 99001 99212 99209 99210 99219 99220 99252 99256 99260","1840021093","36.4","11.7","11.9","16.2","14.8","11.6","11.8","11.6","6.8","3.7","15.6","9.6","78.9","49.6","50.4","41.9","17.6","35.4","5.1","3.00","52.5","56977","2.7","3.9","5.2","3.9","4.5","9.8","14.2","18.6","12.9","13.8","10.4","24.2","31997","56.9","94105","236231","956","30.3","6.9","22.5","38.2","20.3","12.1","32.4","43.9","62.1","6.2","83.1","2.4","2.9","1.4","1.0","1.7","7.5","6.8","15.9","15.6","1.7","20.5","5.6","9.9","44060","Spokane-Spokane Valley, WA","TRUE","518","Spokane-Spokane Valley-Coeur d'Alene, WA-ID"
"Madison","Madison","","WI","Wisconsin","55025","Dane","55025","Dane","43.0822","-89.3930","451652","265447","1253.8","shape","FALSE","TRUE","FALSE","FALSE","America/Chicago","2","53706 53704 53705 53703 53726 53792 53719 53718 53715 53714 53717 53716 53711 53713 53701 53702 53707 53708 53725 53774 53777 53782 53783 53784 53785 53786 53788 53790 53793 53794","1840002915","31.5","9.5","12.1","25.7","15.7","10.5","9.9","8.9","5.3","2.6","12.1","20.3","83.5","50.0","50.0","37.2","9.2","50.3","3.3","2.89","59.5","70466","3.7","2.5","3.8","3.0","3.9","7.5","11.0","17.5","14.1","16.9","16.0","32.9","38595","47.6","117324","277812","1212","31.1","4.4","14.2","23.0","32.5","26.0","58.5","53.8","71.3","2.7","76.1","6.8","8.9","0.3","0.0","1.6","6.2","7.8","8.3","16.6","2.1","19.6","4.0","4.2","31540","Madison, WI","TRUE","357","Madison-Janesville-Beloit, WI"
"Boise","Boise","Boise City","ID","Idaho","16001","Ada","16001","Ada","43.6005","-116.2308","449776","231537","1060.2","shape","FALSE","TRUE","FALSE","FALSE","America/Boise","2","83703 83702 83706 83705 83704 83709 83712 83716 83713 83725 83720 83701 83708 83715 83717 83722 83724 83728 83729 83735 83756 83799","1840027142","37.7","9.9","13.1","15.1","15.3","13.2","13.0","10.8","6.3","3.3","14.6","10.6","80.0","50.4","49.6","47.0","13.8","34.8","4.4","2.97","56.8","68373","2.9","1.7","3.0","3.7","3.9","8.6","12.4","18.5","13.9","15.7","15.7","31.4","35649","62.4","96395","322309","1103","29.5","4.8","20.4","31.2","28.0","15.7","43.7","47.7","68.9","4.2","86.4","1.7","3.4","0.7","0.3","2.1","5.5","8.8","11.3","11.6","1.9","19.0","7.9","8.1","14260","Boise City, ID","TRUE","147","Boise City-Mountain Home-Ontario, ID-OR"
