"county","county_ascii","county_full","county_fips","state_id","state_name","city_largest","city_largest_id","lat","lng","population","density","timezone","timezone_all","age_median","age_under_10","age_10_to_19","age_20s","age_30s","age_40s","age_50s","age_60s","age_70s","age_over_80","male","female","married","divorced","never_married","widowed","family_size","family_dual_income","income_household_median","income_household_under_5","income_household_5_to_10","income_household_10_to_15","income_household_15_to_20","income_household_20_to_25","income_household_25_to_35","income_household_35_to_50","income_household_50_to_75","income_household_75_to_100","income_household_100_to_150","income_household_150_over","income_household_six_figure","income_individual_median","home_ownership","home_value","rent_median","rent_burden","education_less_highschool","education_highschool","education_some_college","education_bachelors","education_graduate","education_college_or_above","education_stem_degree","labor_force_participation","labor_force","labor_force_average","unemployment_rate","unemployment_rate_average","bls_date","race_white","race_black","race_asian","race_native","race_pacific","race_other","race_multiple","hispanic","disabled","poverty","limited_english","commute_time","health_uninsured","veteran","zips"
"Los Angeles","Los Angeles","Los Angeles County","06037","CA","California","Los Angeles","1840020491","34.3209","-118.2247","10019635","953.02","America/Los_Angeles","America/Los_Angeles","37.0","11.5","12.7","14.8","15.1","13.4","13.0","10.4","5.6","3.5","49.5","50.5","42.8","10.4","42.1","4.7","3.61","57.3","76367","3.4","2.0","4.3","3.4","3.6","7.2","10.0","15.4","12.4","16.8","21.5","38.3","32814","46.2","646487","1653","35.7","20.0","20.4","25.6","22.1","11.9","34.0","44.6","64.9","4927679","4986701.0","7.0","4.9","12-2022","43.7","7.9","14.8","1.0","0.2","22.0","10.4","48.7","10.1","13.9","12.1","31.4","9.1","3.1","90001 90002 90003 90004 90005 90006 90007 90008 90009 90010 90011 90012 90013 90014 90015 90016 90017 90018 90019 90020 90021 90022 90023 90024 90025 90026 90027 90028 90029 90030 90031 90032 90033 90034 90035 90036 90037 90038 90039 90040 90041 90042 90043 90044 90045 90046 90047 90048 90049 90050 90051 90052 90053 90054 90055 90056 90057 90058 90059 90060 90061 90062 90063 90064 90065 90066 90067 90068 90069 90070 90071 90072 90073 90074 90075 90076 90077 90078 90079 90080 90081 90082 90083 90084 90086 90087 90088 90089 90091 90093 90094 90095 90096 90099 90134 90189 90201 90202 90209 90210 90211 90212 90213 90220 90221 90222 90223 90224 90230 90231 90232 90239 90240 90241 90242 90245 90247 90248 90249 90250 90251 90254 90255 90260 90261 90262 90263 90264 90265 90266 90267 90270 90272 90274 90275 90277 90278 90280 90290 90291 90292 90293 90294 90295 90296 90301 90302 90303 90304 90305 90306 90307 90308 90309 90310 90311 90312 90401 90402 90403 90404 90405 90406 90407 90408 90409 90410 90411 90501 90502 90503 90504 90505 90506 90507 90508 90509 90510 90601 90602 90603 90604 90605 90606 90607 90608 90609 90610 90623 90630 90631 90637 90638 90639 90640 90650 90651 90652 90660 90661 90662 90670 90671 90701 90702 90703 90704 90706 90707 90710 90711 90712 90713 90714 90715 90716 90717 90723 90731 90732 90733 90734 90740 90744 90745 90746 90747 90748 90749 90755 90801 90802 90803 90804 90805 90806 90807 90808 90809 90810 90813 90814 90815 90822 90831 90832 90833 90840 90842 90844 90846 90847 90848 90853 90895 91001 91003 91006 91007 91008 91009 91010 91011 91012 91016 91017 91020 91021 91023 91024 91025 91030 91031 91040 91041 91042 91043 91046 91066 91077 91101 91102 91103 91104 91105 91106 91107 91108 91109 91110 91114 91115 91116 91117 91118 91121 91123 91124 91125 91126 91129 91182 91184 91185 91188 91189 91199 91201 91202 91203 91204 91205 91206 91207 91208 91209 91210 91214 91221 91222 91224 91225 91226 91301 91302 91303 91304 91305 91306 91307 91308 91309 91310 91311 91313 91316 91321 91322 91324 91325 91326 91327 91328 91329 91330 91331 91333 91334 91335 91337 91340 91341 91342 91343 91344 91345 91346 91350 91351 91352 91353 91354 91355 91356 91357 91361 91362 91364 91365 91367 91371 91372 91376 91380 91381 91382 91383 91384 91385 91386 91387 91390 91392 91393 91394 91395 91396 91401 91402 91403 91404 91405 91406 91407 91408 91409 91410 91411 91412 91413 91416 91423 91426 91436 91470 91482 91495 91496 91499 91501 91502 91503 91504 91505 91506 91507 91508 91510 91521 91522 91523 91526 91601 91602 91603 91604 91605 91606 91607 91608 91609 91610 91611 91612 91614 91615 91616 91617 91618 91702 91706 91709 91711 91714 91715 91716 91722 91723 91724 91731 91732 91733 91734 91735 91740 91741 91744 91745 91746 91747 91748 91749 91750 91754 91755 91756 91759 91765 91766 91767 91768 91769 91770 91771 91772 91773 91775 91776 91778 91780 91788 91789 91790 91791 91792 91793 91801 91802 91803 91804 91896 91899 92397 93243 93510 93532 93534 93535 93536 93539 93543 93544 93550 93551 93552 93553 93560 93563 93584 93586 93590 93591 93599"
"Cook","Cook","Cook County","17031","IL","Illinois","Chicago","1840000494","41.8401","-87.8168","5265398","2151.47","America/Chicago","America/Chicago","37.3","11.8","12.4","14.4","15.1","12.8","12.6","10.9","6.3","3.6","48.8","51.2","42.2","10.6","41.7","5.4","3.33","55.4","72121","4.0","2.8","3.7","3.6","4.0","7.7","10.3","15.5","12.4","16.1","19.8","35.9","37760","57.5","266690","1214","31.0","12.0","22.4","24.8","23.8","17.0","40.8","43.4","66.2","2634688","2655977.0","7.3","5.1","12-2022","52.0","23.0","7.5","0.4","0.0","9.9","7.0","25.6","10.4","13.5","7.3","32.7","9.0","3.6","60004 60005 60006 60007 60008 60009 60010 60015 60016 60017 60018 60019 60022 60025 60026 60029 60038 60043 60053 60055 60056 60062 60067 60068 60070 60074 60076 60077 60078 60082 60089 60090 60091 60093 60094 60095 60103 60104 60107 60120 60126 60130 60131 60133 60141 60153 60154 60155 60159 60160 60161 60162 60163 60164 60165 60168 60169 60171 60172 60173 60176 60179 60192 60193 60194 60195 60196 60201 60202 60203 60204 60208 60301 60302 60303 60304 60305 60402 60406 60409 60411 60412 60415 60418 60419 60422 60423 60425 60426 60428 60429 60430 60438 60439 60443 60445 60449 60452 60453 60454 60455 60456 60457 60458 60459 60461 60462 60463 60464 60465 60466 60467 60469 60471 60472 60473 60475 60476 60477 60478 60480 60482 60487 60499 60501 60513 60521 60523 60525 60526 60527 60534 60546 60558 60601 60602 60603 60604 60605 60606 60607 60608 60609 60610 60611 60612 60613 60614 60615 60616 60617 60618 60619 60620 60621 60622 60623 60624 60625 60626 60628 60629 60630 60631 60632 60633 60634 60636 60637 60638 60639 60640 60641 60642 60643 60644 60645 60646 60647 60649 60651 60652 60653 60654 60655 60656 60657 60659 60660 60661 60664 60666 60668 60669 60670 60673 60674 60675 60677 60678 60680 60681 60682 60684 60685 60686 60687 60688 60689 60690 60691 60693 60694 60695 60696 60697 60699 60701 60706 60707 60712 60714 60803 60804 60805 60827"
"Harris","Harris","Harris County","48201","TX","Texas","Houston","1840020925","29.8577","-95.3936","4697957","1062.63","America/Chicago","America/Chicago","33.9","14.6","14.7","14.4","15.5","13.4","11.6","9.1","4.6","2.1","49.8","50.2","46.9","12.2","36.6","4.2","3.45","54.2","65788","3.4","2.6","3.4","3.7","4.1","9.2","11.9","17.2","12.2","15.3","17.0","32.3","33724","54.9","200957","1164","31.3","18.1","22.8","26.6","20.6","12.0","32.6","48.4","67.5","2377903","2339653.0","6.5","4.5","12-2022","52.0","18.9","7.0","0.5","0.1","10.2","11.3","43.6","9.6","15.6","11.4","29.1","21.1","4.4","77001 77002 77003 77004 77005 77006 77007 77008 77009 77010 77011 77012 77013 77014 77015 77016 77017 77018 77019 77020 77021 77022 77023 77024 77025 77026 77027 77028 77029 77030 77031 77032 77033 77034 77035 77036 77037 77038 77039 77040 77041 77042 77043 77044 77045 77046 77047 77048 77049 77050 77051 77052 77053 77054 77055 77056 77057 77058 77059 77060 77061 77062 77063 77064 77065 77066 77067 77068 77069 77070 77071 77072 77073 77074 77075 77076 77077 77078 77079 77080 77081 77082 77083 77084 77085 77086 77087 77088 77089 77090 77091 77092 77093 77094 77095 77096 77098 77099 77201 77202 77203 77204 77205 77206 77207 77208 77209 77210 77212 77213 77215 77216 77217 77218 77219 77220 77221 77222 77223 77224 77225 77226 77227 77228 77229 77230 77231 77233 77234 77235 77236 77237 77238 77240 77241 77242 77243 77244 77245 77248 77249 77251 77252 77253 77254 77255 77256 77257 77258 77259 77261 77262 77263 77265 77266 77267 77268 77269 77270 77271 77272 77273 77274 77275 77277 77279 77280 77282 77284 77287 77288 77289 77290 77291 77292 77293 77297 77299 77315 77325 77336 77337 77338 77339 77345 77346 77347 77357 77362 77365 77373 77375 77377 77379 77383 77387 77388 77389 77391 77393 77396 77401 77402 77410 77411 77413 77429 77433 77447 77449 77450 77477 77484 77489 77491 77493 77494 77501 77502 77503 77504 77505 77506 77507 77508 77520 77521 77522 77523 77530 77532 77535 77536 77546 77547 77562 77571 77572 77581 77586 77587 77592 77598"
"Maricopa","Maricopa","Maricopa County","04013","AZ","Arizona","Phoenix","1840020568","33.3490","-112.4915","4367186","183.24","America/Phoenix","America/Phoenix","36.9","12.6","13.9","13.9","13.8","12.9","12.3","10.4","6.8","3.4","49.7","50.3","47.9","13.2","34.1","4.7","3.22","53.0","72944","2.9","1.8","2.7","3.1","3.5","7.6","11.9","17.8","13.9","17.6","17.3","34.9","36928","63.8","304181","1275","30.2","11.2","22.0","32.5","21.5","12.8","34.3","43.3","65.0","2388522","2362283.0","5.0","3.1","12-2022","70.5","5.6","4.2","1.9","0.2","7.0","10.6","31.5","11.4","12.0","3.4","26.4","10.9","7.4","85001 85002 85003 85004 85005 85006 85007 85008 85009 85010 85011 85012 85013 85014 85015 85016 85017 85018 85019 85020 85021 85022 85023 85024 85026 85027 85028 85029 85030 85031 85032 85033 85034 85035 85036 85037 85038 85039 85040 85041 85042 85043 85044 85045 85046 85048 85050 85051 85053 85054 85060 85061 85062 85063 85064 85065 85066 85067 85068 85069 85070 85071 85072 85073 85074 85075 85076 85078 85079 85080 85082 85083 85085 85086 85087 85120 85127 85139 85142 85201 85202 85203 85204 85205 85206 85207 85208 85209 85210 85211 85212 85213 85214 85215 85216 85224 85225 85226 85233 85234 85236 85244 85246 85248 85249 85250 85251 85252 85253 85254 85255 85256 85257 85258 85259 85260 85261 85262 85263 85264 85266 85267 85268 85269 85271 85274 85275 85277 85280 85281 85282 85283 85284 85285 85286 85287 85288 85295 85296 85297 85298 85299 85301 85302 85303 85304 85305 85306 85307 85308 85309 85310 85311 85312 85318 85320 85321 85322 85323 85326 85327 85329 85331 85333 85335 85337 85338 85339 85340 85342 85343 85345 85351 85353 85354 85355 85358 85361 85363 85372 85373 85374 85375 85376 85377 85378 85379 85380 85381 85382 85383 85385 85387 85388 85390 85392 85395 85396 85545"
"San Diego","San Diego","San Diego County","06073","CA","California","San Diego","1840021990","33.0343","-116.7350","3296317","302.29","America/Los_Angeles","America/Los_Angeles","36.3","11.8","12.6","15.5","15.2","12.7","12.3","10.4","6.0","3.4","50.6","49.4","47.9","11.4","36.2","4.4","3.38","56.1","88240","2.6","1.5","2.9","2.8","3.0","6.3","9.1","15.0","12.6","18.9","25.5","44.4","38792","54.1","625259","1842","35.0","11.7","18.2","29.9","24.5","15.7","40.2","52.0","66.4","1588968","1580601.0","6.6","3.3","12-2022","62.0","4.9","12.0","0.8","0.4","8.1","11.9","34.3","10.0","10.7","6.0","26.3","7.5","8.0","91901 91902 91903 91905 91906 91908 91909 91910 91911 91912 91913 91914 91915 91916 91917 91921 91931 91932 91933 91934 91935 91941 91942 91943 91944 91945 91946 91948 91950 91951 91962 91963 91976 91977 91978 91979 91980 91987 92003 92004 92007 92008 92009 92010 92011 92013 92014 92018 92019 92020 92021 92022 92023 92024 92025 92026 92027 92028 92029 92030 92033 92036 92037 92038 92039 92040 92046 92049 92051 92052 92054 92055 92056 92057 92058 92059 92060 92061 92064 92065 92066 92067 92068 92069 92070 92071 92072 92074 92075 92078 92079 92081 92082 92083 92084 92085 92086 92088 92091 92092 92093 92096 92101 92102 92103 92104 92105 92106 92107 92108 92109 92110 92111 92112 92113 92114 92115 92116 92117 92118 92119 92120 92121 92122 92123 92124 92126 92127 92128 92129 92130 92131 92132 92134 92135 92136 92137 92138 92139 92140 92142 92143 92145 92147 92149 92150 92152 92153 92154 92155 92158 92159 92160 92161 92163 92165 92166 92167 92168 92169 92170 92171 92172 92173 92174 92175 92176 92177 92178 92179 92182 92186 92187 92191 92192 92193 92195 92196 92197 92198 92199 92562 92672"
"Orange","Orange","Orange County","06059","CA","California","Mission Viejo","1840020580","33.7031","-117.7609","3182923","1550.02","America/Los_Angeles","America/Los_Angeles","38.5","11.4","13.1","13.8","13.6","13.3","13.9","10.7","6.4","3.7","49.6","50.4","50.1","10.6","34.7","4.6","3.47","59.3","100485","2.8","1.4","2.6","2.2","2.4","5.4","7.7","13.2","12.1","19.3","30.9","50.2","40695","57.0","737468","2057","33.9","13.4","17.2","27.3","26.6","15.5","42.1","48.9","65.8","1604854","1591532.0","5.4","3.0","12-2022","53.6","1.7","21.3","0.6","0.3","12.9","9.5","34.0","8.8","9.9","7.9","27.6","7.1","4.0","90620 90621 90622 90623 90624 90630 90631 90632 90633 90638 90680 90716 90720 90721 90740 90742 90743 90803 92530 92602 92603 92604 92605 92606 92607 92609 92610 92612 92614 92615 92616 92617 92618 92619 92620 92623 92624 92625 92626 92627 92628 92629 92630 92637 92646 92647 92648 92649 92650 92651 92652 92653 92654 92655 92656 92657 92658 92659 92660 92661 92662 92663 92672 92673 92674 92675 92676 92677 92678 92679 92683 92684 92685 92688 92690 92691 92692 92693 92694 92697 92698 92701 92702 92703 92704 92705 92706 92707 92708 92711 92712 92728 92735 92780 92781 92782 92799 92801 92802 92803 92804 92805 92806 92807 92808 92809 92811 92812 92814 92815 92816 92817 92821 92822 92823 92825 92831 92832 92833 92834 92835 92836 92837 92838 92840 92841 92842 92843 92844 92845 92846 92850 92856 92857 92859 92861 92862 92863 92864 92865 92866 92867 92868 92869 92870 92871 92885 92886 92887 92899"
"Kings","Kings","Kings County","36047","NY","New York","New York","1840034016","40.6395","-73.9385","2712360","15095.13","America/New_York","America/New_York","35.7","13.3","11.6","14.8","16.6","12.6","11.6","10.0","6.0","3.5","47.6","52.4","40.3","10.2","44.3","5.2","3.46","53.1","67753","4.5","3.4","5.8","4.4","4.0","7.6","9.9","13.8","11.0","14.9","20.7","35.6","35369","30.7","767937","1582","35.1","16.3","25.2","18.9","23.6","15.9","39.5","41.4","63.7","1176152","1175610.0","7.1","6.2","12-2022","42.1","30.5","11.8","0.4","0.1","9.3","5.8","18.8","9.9","18.8","14.0","42.9","6.6","1.8","11201 11202 11203 11204 11205 11206 11207 11208 11209 11210 11211 11212 11213 11214 11215 11216 11217 11218 11219 11220 11221 11222 11223 11224 11225 11226 11228 11229 11230 11231 11232 11233 11234 11235 11236 11237 11238 11239 11241 11242 11243 11245 11247 11249 11251 11252 11256 11416 11417"
"Miami-Dade","Miami-Dade","Miami-Dade County","12086","FL","Florida","Miami","1840015149","25.6150","-80.5623","2690113","546.69","America/New_York","America/New_York","40.4","11.2","11.6","12.7","13.9","14.3","14.3","10.6","6.9","4.4","48.9","51.1","43.1","15.7","35.6","5.7","3.40","53.9","57815","3.7","3.9","5.0","4.6","5.0","9.6","12.0","17.2","11.8","13.4","13.8","27.2","27523","51.9","332133","1470","41.5","17.5","26.4","24.3","19.8","11.9","31.7","44.2","63.7","1343886","1329827.0","5.1","2.2","12-2022","56.5","16.3","1.5","0.2","0.0","5.3","20.1","68.5","10.1","15.7","24.2","32.0","15.6","2.2","33002 33010 33011 33012 33013 33014 33015 33016 33017 33018 33030 33031 33032 33033 33034 33035 33039 33054 33055 33056 33090 33092 33101 33102 33106 33109 33111 33112 33114 33116 33119 33122 33124 33125 33126 33127 33128 33129 33130 33131 33132 33133 33134 33135 33136 33137 33138 33139 33140 33141 33142 33143 33144 33145 33146 33147 33149 33150 33151 33152 33153 33154 33155 33156 33157 33158 33160 33161 33162 33163 33164 33165 33166 33167 33168 33169 33170 33172 33173 33174 33175 33176 33177 33178 33179 33180 33181 33182 33183 33184 33185 33186 33187 33188 33189 33190 33191 33192 33193 33194 33195 33196 33197 33198 33199 33206 33222 33231 33233 33234 33238 33239 33242 33243 33245 33247 33255 33256 33257 33261 33265 33266 33269 33280 33283 33296 33299 34141"
"Dallas","Dallas","Dallas County","48113","TX","Texas","Dallas","1840019440","32.7666","-96.7778","2604722","1151.92","America/Chicago","America/Chicago","33.7","14.2","14.5","15.3","15.0","13.1","11.9","9.1","4.6","2.3","49.5","50.5","45.0","12.6","38.2","4.2","3.47","56.0","65011","3.2","2.3","3.4","3.3","4.1","8.8","12.9","18.7","13.1","14.9","15.3","30.2","34441","50.5","212595","1233","29.4","19.3","22.6","25.2","20.6","12.3","32.9","42.8","69.0","1451105","1428212.0","5.2","3.8","12-2022","51.8","22.5","6.6","0.5","0.0","8.8","9.8","40.7","9.9","14.2","9.3","27.6","21.4","4.6","75001 75006 75007 75011 75014 75015 75016 75017 75019 75030 75038 75039 75040 75041 75042 75043 75044 75045 75046 75047 75048 75049 75050 75051 75052 75053 75054 75059 75060 75061 75062 75063 75067 75080 75081 75082 75083 75085 75088 75089 75098 75099 75104 75106 75115 75116 75123 75125 75134 75137 75138 75141 75146 75149 75150 75154 75159 75172 75180 75181 75182 75185 75187 75201 75202 75203 75204 75205 75206 75207 75208 75209 75210 75211 75212 75214 75215 75216 75217 75218 75219 75220 75221 75222 75223 75224 75225 75226 75227 75228 75229 75230 75231 75232 75233 75234 75235 75236 75237 75238 75240 75241 75242 75243 75244 75246 75247 75248 75249 75250 75251 75252 75253 75254 75260 75262 75263 75264 75265 75266 75267 75270 75275 75277 75283 75284 75285 75287 75301 75303 75312 75313 75315 75320 75326 75336 75339 75342 75354 75355 75356 75357 75358 75359 75360 75367 75368 75371 75372 75373 75374 75376 75378 75380 75381 75382 75389 75390 75391 75392 75393 75394 75395 75397 75398 76051 76065"
"Riverside","Riverside","Riverside County","06065","CA","California","Riverside","1840020551","33.7436","-115.9938","2409331","129.03","America/Los_Angeles","America/Los_Angeles","36.0","13.0","15.0","13.7","13.4","12.7","12.3","10.1","6.5","3.3","50.1","49.9","49.0","11.3","34.9","4.7","3.73","53.3","76066","3.0","1.7","3.3","3.5","3.6","7.5","10.6","16.3","13.2","18.5","18.9","37.4","32241","68.1","386355","1552","36.3","17.0","26.9","32.5","15.1","8.4","23.5","44.2","60.3","1173420","1161336.0","7.2","4.2","12-2022","51.2","6.5","6.8","0.8","0.3","23.1","11.3","50.3","11.4","12.0","8.3","34.0","8.3","6.4","91752 92028 92201 92202 92203 92210 92211 92220 92223 92225 92226 92230 92234 92235 92236 92239 92240 92241 92247 92248 92253 92254 92255 92258 92260 92261 92262 92263 92264 92270 92274 92276 92277 92282 92320 92324 92373 92399 92501 92502 92503 92504 92505 92506 92507 92508 92509 92513 92514 92516 92517 92518 92519 92521 92522 92530 92531 92532 92536 92539 92543 92544 92545 92546 92548 92549 92551 92552 92553 92554 92555 92556 92557 92561 92562 92563 92564 92567 92570 92571 92572 92581 92582 92583 92584 92585 92586 92587 92589 92590 92591 92592 92593 92595 92596 92599 92860 92877 92878 92879 92880 92881 92882 92883"
"Queens","Queens","Queens County","36081","NY","New York","New York","1840034016","40.7023","-73.8203","2393104","8498.42","America/New_York","America/New_York","39.6","11.2","10.9","13.2","15.2","13.1","13.9","11.5","6.8","4.0","48.8","51.2","45.9","10.1","38.1","5.9","3.56","57.7","75886","2.9","2.2","3.5","3.2","3.7","7.6","10.1","16.3","13.0","17.8","19.7","37.5","35601","45.4","601792","1711","33.0","17.3","26.7","22.1","21.0","12.9","33.9","45.3","63.9","1109676","1110182.0","7.0","5.6","12-2022","33.6","17.8","25.8","0.6","0.0","14.6","7.6","27.9","9.6","11.4","17.8","43.8","8.9","2.2","11001 11004 11005 11040 11101 11102 11103 11104 11105 11106 11109 11120 11208 11237 11351 11352 11354 11355 11356 11357 11358 11359 11360 11361 11362 11363 11364 11365 11366 11367 11368 11369 11370 11371 11372 11373 11374 11375 11377 11378 11379 11380 11381 11385 11386 11405 11411 11412 11413 11414 11415 11416 11417 11418 11419 11420 11421 11422 11423 11424 11425 11426 11427 11428 11429 11430 11431 11432 11433 11434 11435 11436 11437 11439 11451 11499 11581 11690 11691 11692 11693 11694 11695 11697"
"King","King","King County","53033","WA","Washington","Seattle","1840021117","47.4902","-121.8052","2240876","408.97","America/Los_Angeles","America/Los_Angeles","37.1","11.3","11.1","14.8","17.4","14.0","12.6","10.2","5.5","3.1","50.5","49.5","49.8","11.0","35.4","3.8","3.07","60.0","106326","2.1","1.6","2.4","2.2","2.2","4.7","7.6","13.3","11.2","18.7","34.0","52.7","51689","56.6","651207","1801","29.7","6.3","14.8","24.8","31.9","22.1","54.0","55.3","70.2","1309959","1320984.0","4.6","2.7","12-2022","60.5","6.4","18.8","0.6","0.7","4.4","8.5","10.0","9.7","8.4","5.7","29.4","5.4","5.1","98001 98002 98003 98004 98005 98006 98007 98008 98009 98010 98011 98013 98014 98015 98019 98022 98023 98024 98025 98027 98028 98029 98030 98031 98032 98033 98034 98035 98038 98039 98040 98041 98042 98045 98047 98050 98051 98052 98053 98055 98056 98057 98058 98059 98062 98063 98064 98065 98068 98070 98071 98072 98073 98074 98075 98077 98083 98089 98092 98093 98101 98102 98103 98104 98105 98106 98107 98108 98109 98111 98112 98113 98114 98115 98116 98117 98118 98119 98121 98122 98124 98125 98126 98127 98129 98131 98133 98134 98136 98138 98139 98141 98144 98145 98146 98148 98154 98155 98158 98160 98161 98164 98165 98166 98168 98170 98174 98175 98177 98178 98181 98185 98188 98190 98191 98194 98195 98198 98199 98224 98288 98354 98422"
"Clark","Clark","Clark County","32003","NV","Nevada","Las Vegas","1840020364","36.2152","-115.0135","2231147","109.16","America/Los_Angeles","America/Los_Angeles","37.6","12.4","13.0","13.2","14.7","13.4","12.8","10.6","6.9","2.8","50.1","49.9","44.3","15.5","35.2","5.0","3.36","50.5","64210","4.1","2.3","3.3","3.6","4.1","8.8","12.8","18.2","13.4","15.7","13.6","29.3","33208","55.4","308118","1257","32.9","13.6","28.0","32.6","17.1","8.7","25.8","41.1","63.9","1149504","1130205.0","7.8","5.4","12-2022","53.1","12.0","10.0","0.9","0.8","12.3","10.9","31.8","12.1","13.6","6.6","25.0","11.9","8.1","88901 88905 89002 89004 89005 89006 89007 89009 89011 89012 89014 89015 89016 89018 89019 89021 89024 89025 89026 89027 89028 89029 89030 89031 89032 89033 89034 89036 89037 89039 89040 89044 89046 89052 89053 89054 89067 89070 89074 89077 89081 89084 89085 89086 89087 89101 89102 89103 89104 89105 89106 89107 89108 89109 89110 89111 89112 89113 89114 89115 89116 89117 89118 89119 89120 89121 89122 89123 89124 89125 89126 89127 89128 89129 89130 89131 89132 89133 89134 89135 89136 89137 89138 89139 89140 89141 89142 89143 89144 89145 89146 89147 89148 89149 89150 89151 89152 89153 89154 89155 89156 89157 89158 89159 89160 89161 89162 89163 89164 89165 89166 89169 89170 89173 89177 89178 89179 89180 89183 89185 89191 89193 89195 89199"
"San Bernardino","San Bernardino","San Bernardino County","06071","CA","California","Victorville","1840021731","34.8414","-116.1784","2171071","41.77","America/Los_Angeles","America/Los_Angeles","33.8","14.2","15.0","15.1","14.3","12.4","11.9","9.6","4.9","2.4","50.0","50.0","46.1","11.7","37.7","4.5","3.72","53.2","70287","2.6","2.0","3.8","3.4","3.9","8.1","11.1","18.1","13.9","17.3","16.0","33.3","31025","60.5","367630","1427","34.3","18.9","26.9","32.3","14.3","7.6","21.9","46.4","61.5","1026776","1016035.0","7.5","4.1","12-2022","50.7","8.0","7.5","1.1","0.3","19.9","12.4","54.6","11.4","14.3","6.2","32.4","8.5","5.5","89019 91701 91708 91709 91710 91729 91730 91737 91739 91743 91758 91759 91761 91762 91763 91764 91766 91784 91785 91786 92242 92252 92256 92267 92268 92277 92278 92280 92284 92285 92286 92301 92304 92305 92307 92308 92309 92310 92311 92312 92313 92314 92315 92316 92317 92318 92321 92322 92323 92324 92325 92327 92329 92331 92332 92333 92334 92335 92336 92337 92338 92339 92340 92341 92342 92344 92345 92346 92347 92350 92352 92354 92356 92357 92358 92359 92363 92364 92365 92366 92368 92369 92371 92372 92373 92374 92375 92376 92377 92378 92382 92385 92386 92391 92392 92393 92394 92395 92397 92398 92399 92401 92402 92403 92404 92405 92406 92407 92408 92410 92411 92413 92415 92418 92423 92427 92509 92880 93516 93555 93558 93562 93592"
"Tarrant","Tarrant","Tarrant County","48439","TX","Texas","Fort Worth","1840020696","32.7719","-97.2911","2091953","933.46","America/Chicago","America/Chicago","34.8","14.0","15.1","14.0","14.5","13.3","12.4","9.6","5.0","2.3","49.1","50.9","49.1","13.0","33.4","4.5","3.39","57.3","73545","2.5","1.7","3.1","2.9","3.4","7.9","11.8","17.8","13.8","17.8","17.5","35.3","36835","59.8","225636","1217","30.2","13.3","23.7","29.6","22.3","11.1","33.4","41.0","68.8","1150638","1132324.0","5.1","3.7","12-2022","59.5","17.0","5.7","0.5","0.2","8.6","8.6","29.5","9.8","11.3","5.7","26.9","16.8","7.0","75022 75028 75050 75051 75052 75054 75064 75261 76001 76002 76003 76004 76005 76006 76007 76008 76010 76011 76012 76013 76014 76015 76016 76017 76018 76019 76020 76021 76022 76028 76034 76036 76039 76040 76051 76052 76053 76054 76060 76063 76071 76092 76094 76095 76096 76098 76099 76101 76102 76103 76104 76105 76106 76107 76108 76109 76110 76111 76112 76113 76114 76115 76116 76117 76118 76119 76120 76121 76122 76123 76124 76126 76127 76129 76130 76131 76132 76133 76134 76135 76136 76137 76140 76147 76148 76150 76155 76161 76162 76163 76164 76166 76177 76179 76180 76181 76182 76185 76190 76191 76192 76193 76195 76196 76197 76198 76199 76244 76248 76262"
"Bexar","Bexar","Bexar County","48029","TX","Texas","San Antonio","1840022220","29.4489","-98.5200","1990522","619.63","America/Chicago","America/Chicago","34.0","13.9","14.6","15.1","15.1","12.8","11.5","9.1","5.3","2.6","49.6","50.4","44.9","14.1","36.2","4.8","3.40","52.9","62169","3.6","2.8","3.9","4.0","4.5","9.4","12.4","18.6","12.5","15.3","13.0","28.3","31754","58.7","186817","1114","31.9","14.6","24.4","31.0","18.6","11.4","30.0","44.8","66.1","973037","964602.0","5.6","3.8","12-2022","64.0","7.6","3.0","0.7","0.1","7.9","16.7","60.9","14.2","15.1","6.3","25.6","15.6","9.9","78002 78006 78015 78023 78039 78052 78054 78069 78073 78101 78108 78109 78112 78124 78148 78150 78152 78154 78201 78202 78203 78204 78205 78206 78207 78208 78209 78210 78211 78212 78213 78214 78215 78216 78217 78218 78219 78220 78221 78222 78223 78224 78225 78226 78227 78228 78229 78230 78231 78232 78233 78234 78235 78236 78237 78238 78239 78240 78241 78242 78243 78244 78245 78246 78247 78248 78249 78250 78251 78252 78253 78254 78255 78256 78257 78258 78259 78260 78261 78263 78264 78265 78266 78268 78269 78270 78278 78279 78280 78283 78284 78285 78288 78289 78291 78292 78293 78294 78295 78296 78297 78298 78299"
"Broward","Broward","Broward County","12011","FL","Florida","Fort Lauderdale","1840014236","26.1523","-80.4871","1934551","620.98","America/New_York","America/New_York","40.7","11.2","12.2","12.1","13.5","13.6","14.2","11.8","7.2","4.2","49.0","51.0","44.2","15.8","34.3","5.8","3.30","55.6","64522","3.7","2.5","3.9","3.8","4.0","8.7","12.8","17.5","12.4","15.5","15.2","30.7","32956","62.7","295578","1503","37.6","10.0","26.8","28.8","21.2","13.1","34.3","43.0","66.3","1066747","1063040.0","6.0","2.8","12-2022","52.5","28.5","3.6","0.2","0.1","3.9","11.1","30.9","10.8","12.4","9.4","28.8","14.2","4.5","33004 33008 33009 33019 33020 33021 33022 33023 33024 33025 33026 33027 33028 33029 33060 33061 33062 33063 33064 33065 33066 33067 33068 33069 33071 33072 33073 33074 33075 33076 33077 33081 33082 33083 33084 33093 33097 33301 33302 33303 33304 33305 33306 33307 33308 33309 33310 33311 33312 33313 33314 33315 33316 33317 33318 33319 33320 33321 33322 33323 33324 33325 33326 33327 33328 33329 33330 33331 33332 33334 33335 33336 33337 33338 33339 33340 33345 33346 33348 33349 33351 33355 33359 33388 33394 33428 33441 33442 33443"
"Santa Clara","Santa Clara","Santa Clara County","06085","CA","California","San Jose","1840021570","37.2318","-121.6951","1932022","577.78","America/Los_Angeles","America/Los_Angeles","37.5","11.6","12.5","13.9","15.8","14.0","13.2","9.9","5.6","3.5","50.9","49.1","52.7","8.7","34.5","4.1","3.41","60.5","140258","1.8","1.0","2.1","1.7","1.8","3.7","5.4","9.6","9.1","16.6","47.2","63.8","54022","56.1","1133310","2530","28.6","10.8","13.7","21.1","27.8","26.6","54.4","65.6","67.7","1060507","1048773.0","4.5","2.3","12-2022","39.0","2.5","38.1","0.6","0.3","9.8","9.6","25.1","8.2","6.7","10.1","28.5","4.1","3.1","94022 94023 94024 94028 94035 94039 94040 94041 94042 94043 94085 94086 94087 94088 94089 94301 94302 94303 94304 94305 94306 94309 94550 95002 95008 95009 95011 95013 95014 95015 95020 95021 95023 95026 95030 95031 95032 95033 95035 95036 95037 95038 95042 95044 95046 95050 95051 95052 95053 95054 95055 95056 95070 95071 95076 95101 95103 95106 95108 95109 95110 95111 95112 95113 95115 95116 95117 95118 95119 95120 95121 95122 95123 95124 95125 95126 95127 95128 95129 95130 95131 95132 95133 95134 95135 95136 95138 95139 95140 95141 95148 95150 95151 95152 95153 95154 95155 95156 95157 95158 95159 95160 95161 95164 95170 95172 95173 95190 95191 95192 95193 95194 95196"
"Wayne","Wayne","Wayne County","26163","MI","Michigan","Detroit","1840003971","42.2819","-83.2822","1789781","1129.41","America/Detroit","America/Detroit","37.8","12.9","13.3","13.8","12.6","12.2","13.2","11.9","6.6","3.6","48.4","51.6","38.3","13.7","41.9","6.2","3.40","46.3","52830","5.0","4.7","5.2","4.9","4.9","9.9","13.1","17.0","11.4","12.9","11.1","24.0","29887","63.4","133165","951","34.8","12.4","29.6","32.2","15.5","10.3","25.8","45.9","59.2","793324","797271.0","9.2","5.1","12-2022","51.7","37.8","3.4","0.3","0.0","2.4","4.3","6.2","15.5","20.5","2.5","25.2","6.0","5.5","48101 48111 48112 48117 48120 48121 48122 48123 48124 48125 48126 48127 48128 48134 48135 48136 48138 48141 48146 48150 48151 48152 48153 48154 48164 48167 48168 48170 48173 48174 48180 48183 48184 48185 48186 48187 48188 48192 48193 48195 48201 48202 48203 48204 48205 48206 48207 48208 48209 48210 48211 48212 48213 48214 48215 48216 48217 48218 48219 48221 48222 48223 48224 48225 48226 48227 48228 48229 48230 48231 48232 48233 48234 48235 48236 48238 48239 48240 48242 48243 48244 48255 48260 48264 48265 48266 48267 48268 48269 48272 48275 48277 48278 48279 48288"
"Alameda","Alameda","Alameda County","06001","CA","California","Oakland","1840020296","37.6469","-121.8888","1673133","875.98","America/Los_Angeles","America/Los_Angeles","38.0","11.3","11.6","13.5","16.8","14.1","12.9","10.5","6.1","3.3","49.5","50.5","48.7","9.6","37.2","4.5","3.40","60.7","112017","2.4","1.6","3.0","2.2","2.5","4.9","6.6","11.4","10.6","17.5","37.4","54.9","49580","53.9","868922","2043","31.4","11.0","16.7","22.7","28.3","21.3","49.6","58.1","67.5","831134","827143.0","5.0","3.1","12-2022","35.9","10.2","31.6","0.7","0.8","11.8","8.9","22.4","9.1","8.9","8.0","33.4","4.3","3.5","94501 94502 94505 94514 94536 94537 94538 94539 94540 94541 94542 94543 94544 94545 94546 94550 94551 94552 94555 94556 94557 94560 94566 94568 94577 94578 94579 94580 94586 94587 94588 94601 94602 94603 94604 94605 94606 94607 94608 94609 94610 94611 94612 94613 94614 94615 94617 94618 94619 94620 94621 94622 94623 94624 94649 94659 94660 94661 94662 94666 94701 94702 94703 94704 94705 94706 94707 94708 94709 94710 94712 94720 95377 95391"
"New York","New York","New York County","36061","NY","New York","New York","1840034016","40.7785","-73.9674","1669127","28442.84","America/New_York","America/New_York","38.1","8.4","8.2","17.6","18.5","12.8","12.1","10.5","7.3","4.5","47.6","52.4","34.7","11.1","49.6","4.6","3.05","52.7","93956","4.3","3.7","5.0","3.6","3.0","5.6","6.9","10.7","9.3","13.8","34.0","47.8","54421","24.7","1010568","1869","29.2","11.6","12.2","13.6","32.0","30.6","62.6","43.6","66.9","894552","891908.0","6.6","4.7","12-2022","53.6","14.0","12.0","0.4","0.0","12.4","7.6","25.6","10.5","15.6","8.5","32.1","4.7","2.1","10001 10002 10003 10004 10005 10006 10007 10008 10009 10010 10011 10012 10013 10014 10016 10017 10018 10019 10020 10021 10022 10023 10024 10025 10026 10027 10028 10029 10030 10031 10032 10033 10034 10035 10036 10037 10038 10039 10040 10041 10043 10044 10045 10055 10060 10065 10069 10075 10080 10081 10087 10090 10101 10102 10103 10104 10105 10106 10107 10108 10109 10110 10111 10112 10113 10114 10115 10116 10117 10118 10119 10120 10121 10122 10123 10124 10125 10126 10128 10129 10130 10131 10132 10133 10138 10150 10151 10152 10153 10154 10155 10156 10157 10158 10159 10160 10162 10163 10164 10165 10166 10167 10168 10169 10170 10171 10172 10173 10174 10175 10176 10177 10178 10179 10185 10199 10203 10211 10212 10213 10242 10249 10256 10258 10259 10260 10261 10265 10268 10269 10270 10271 10272 10273 10274 10275 10276 10277 10278 10279 10280 10281 10282 10285 10286 10452 10454 10463 11106 11231"
"Middlesex","Middlesex","Middlesex County","25017","MA","Massachusetts","Cambridge","1840000429","42.4856","-71.3918","1623411","766.39","America/New_York","America/New_York","38.5","10.7","12.0","14.5","14.9","12.7","13.8","11.0","6.5","3.8","49.3","50.7","50.1","8.9","36.4","4.6","3.08","64.5","111790","2.2","1.6","2.8","2.6","2.3","4.5","6.8","11.5","11.0","18.2","36.6","54.8","51808","61.7","575423","1815","30.3","6.4","18.1","17.7","28.4","29.3","57.7","55.5","70.2","911258","914398.0","4.5","2.8","12-2022","72.9","5.1","12.7","0.2","0.1","3.3","5.6","8.3","9.3","7.4","5.7","30.7","2.7","3.9","01431 01432 01434 01450 01460 01463 01464 01469 01471 01472 01474 01701 01702 01703 01704 01705 01718 01719 01720 01721 01730 01731 01741 01742 01746 01748 01749 01752 01754 01760 01770 01773 01775 01776 01778 01784 01801 01803 01805 01813 01815 01821 01822 01824 01826 01827 01850 01851 01852 01853 01854 01862 01863 01864 01865 01866 01867 01876 01879 01880 01886 01887 01888 01889 01890 02129 02134 02138 02139 02140 02141 02142 02143 02144 02145 02148 02149 02150 02153 02155 02156 02176 02180 02238 02420 02421 02451 02452 02453 02454 02455 02456 02458 02459 02460 02461 02462 02464 02465 02466 02467 02468 02471 02472 02474 02475 02476 02477 02478 02479 02493 02495"
"Philadelphia","Philadelphia","Philadelphia County","42101","PA","Pennsylvania","Philadelphia","1840000673","40.0077","-75.1339","1596865","4588.93","America/New_York","America/New_York","34.8","12.3","12.3","16.5","16.3","11.3","11.6","10.6","5.8","3.3","47.6","52.4","31.5","12.3","50.5","5.7","3.24","47.2","52649","5.4","5.3","6.4","5.2","4.6","9.2","12.0","16.4","11.3","12.4","11.8","24.2","30080","52.4","183858","1149","34.7","13.4","31.4","22.7","18.4","14.1","32.5","45.5","62.6","723233","724750.0","8.9","5.8","12-2022","38.5","40.8","7.4","0.3","0.0","7.7","5.3","15.4","16.9","22.8","6.7","33.0","7.4","4.3","19019 19020 19050 19082 19092 19093 19099 19101 19102 19103 19104 19105 19106 19107 19108 19109 19110 19111 19112 19114 19115 19116 19118 19119 19120 19121 19122 19123 19124 19125 19126 19127 19128 19129 19130 19131 19132 19133 19134 19135 19136 19137 19138 19139 19140 19141 19142 19143 19144 19145 19146 19147 19148 19149 19150 19151 19152 19153 19154 19155 19160 19161 19162 19170 19171 19172 19173 19175 19176 19177 19178 19179 19181 19182 19183 19184 19185 19187 19188 19190 19191 19192 19193 19194 19195 19196 19197 19244 19255"
"Sacramento","Sacramento","Sacramento County","06067","CA","California","Sacramento","1840021491","38.4493","-121.3443","1571767","628.70","America/Los_Angeles","America/Los_Angeles","36.6","12.8","13.2","13.8","15.0","12.7","12.4","10.9","5.9","3.4","49.2","50.8","46.1","13.3","35.7","4.9","3.37","53.3","76422","2.6","2.0","4.0","3.1","3.3","7.1","10.4","16.7","13.7","18.2","19.1","37.3","36412","57.8","398467","1434","33.1","11.9","22.0","34.1","20.7","11.2","31.9","49.0","63.3","722404","724039.0","6.6","3.9","12-2022","52.1","9.7","16.9","0.7","1.1","8.9","10.6","23.8","11.8","13.3","6.2","28.0","5.4","6.2","94203 94204 94205 94206 94207 94208 94209 94211 94229 94230 94232 94234 94235 94236 94237 94239 94240 94244 94245 94247 94248 94249 94250 94252 94254 94256 94257 94258 94259 94261 94262 94263 94267 94268 94269 94271 94273 94274 94277 94278 94279 94280 94282 94283 94284 94285 94287 94288 94289 94290 94291 94293 94294 94295 94296 94297 94298 94299 94571 95608 95609 95610 95611 95615 95621 95624 95626 95628 95630 95632 95638 95639 95640 95641 95652 95655 95660 95662 95670 95671 95673 95680 95683 95690 95693 95741 95742 95757 95758 95759 95763 95811 95812 95813 95814 95815 95816 95817 95818 95819 95820 95821 95822 95823 95824 95825 95826 95827 95828 95829 95830 95831 95832 95833 95834 95835 95836 95837 95838 95840 95841 95842 95843 95851 95852 95853 95860 95864 95865 95866 95867 95894"
"Suffolk","Suffolk","Suffolk County","36103","NY","New York","Brookhaven","1840057464","40.8686","-72.8448","1522998","645.55","America/New_York","America/New_York","41.7","10.8","13.0","12.5","11.6","12.6","15.5","12.3","7.5","4.2","49.5","50.5","50.4","10.2","33.5","5.9","3.47","61.9","111660","2.1","1.1","2.1","2.1","2.3","4.4","7.0","12.1","11.4","20.9","34.6","55.5","45383","81.8","436412","1895","37.5","9.6","25.8","26.3","20.8","17.5","38.3","42.4","65.6","791740","796505.0","4.8","3.0","12-2022","76.3","7.5","4.1","0.3","0.0","5.8","6.1","19.9","9.5","6.6","2.8","32.1","4.2","4.7","00501 00544 06390 11701 11702 11703 11704 11705 11706 11707 11713 11715 11716 11717 11718 11719 11720 11721 11722 11724 11725 11726 11727 11729 11730 11731 11733 11735 11738 11739 11740 11741 11742 11743 11746 11747 11749 11751 11752 11754 11755 11757 11760 11763 11764 11766 11767 11768 11769 11770 11772 11775 11776 11777 11778 11779 11780 11782 11784 11786 11787 11788 11789 11790 11792 11794 11795 11796 11798 11901 11930 11931 11932 11933 11934 11935 11937 11939 11940 11941 11942 11944 11946 11947 11948 11949 11950 11951 11952 11953 11954 11955 11956 11957 11958 11959 11960 11961 11962 11963 11964 11965 11967 11968 11969 11970 11971 11972 11973 11975 11976 11977 11978 11980"
"Palm Beach","Palm Beach","Palm Beach County","12099","FL","Florida","West Palm Beach","1840015993","26.6476","-80.4655","1481233","291.15","America/New_York","America/New_York","45.0","10.2","11.2","11.1","11.8","11.9","13.4","12.9","10.4","7.1","48.7","51.3","46.9","14.4","30.9","7.7","3.16","49.1","68874","3.3","2.1","3.3","3.7","4.1","8.4","11.8","16.7","12.5","15.6","18.5","34.1","33720","69.4","314161","1534","37.0","10.9","23.4","27.7","23.0","15.0","38.0","41.1","59.8","768265","762722.0","6.1","2.7","12-2022","65.4","18.6","2.8","0.2","0.0","4.1","8.9","23.1","12.2","11.6","7.2","26.3","13.8","6.0","33401 33402 33403 33404 33405 33406 33407 33408 33409 33410 33411 33412 33413 33414 33415 33416 33417 33418 33419 33420 33421 33422 33424 33425 33426 33427 33428 33429 33430 33431 33432 33433 33434 33435 33436 33437 33438 33440 33444 33445 33446 33448 33449 33454 33458 33459 33460 33461 33462 33463 33464 33465 33466 33467 33468 33469 33470 33472 33473 33474 33476 33477 33478 33480 33481 33482 33483 33484 33486 33487 33488 33493 33496 33497 33498 33499"
"Bronx","Bronx","Bronx County","36005","NY","New York","New York","1840034016","40.8501","-73.8660","1468262","13441.50","America/New_York","America/New_York","34.8","13.6","13.9","15.2","14.0","12.3","12.6","9.5","5.5","3.3","47.4","52.6","31.9","14.2","48.6","5.3","3.45","45.7","43726","6.3","5.9","9.0","6.1","5.6","9.4","12.5","15.6","10.2","11.0","8.5","19.5","25095","19.8","437083","1306","43.1","25.9","27.9","25.3","13.4","7.6","21.0","43.8","58.9","587202","588841.0","11.2","8.4","12-2022","19.9","34.5","3.8","0.8","0.1","32.2","8.6","56.1","15.6","26.5","17.5","45.3","7.8","2.2","10451 10452 10453 10454 10455 10456 10457 10458 10459 10460 10461 10462 10463 10464 10465 10466 10467 10468 10469 10470 10471 10472 10473 10474 10475 10550 10803 11370"
"Hillsborough","Hillsborough","Hillsborough County","12057","FL","Florida","Tampa","1840015982","27.9291","-82.3091","1444359","545.48","America/New_York","America/New_York","37.6","12.1","12.8","13.8","14.8","13.5","13.0","10.5","6.4","3.1","49.2","50.8","45.2","14.6","35.0","5.2","3.23","51.9","64164","3.9","2.3","3.8","3.6","3.8","9.1","12.6","17.6","12.6","15.1","15.6","30.7","33479","59.8","248965","1259","33.7","10.8","26.3","27.3","22.5","13.0","35.5","44.9","65.4","812239","800867.0","5.0","2.6","12-2022","63.4","16.5","4.2","0.3","0.1","5.1","10.5","29.6","11.6","14.0","7.0","28.3","12.1","8.1","33503 33508 33509 33510 33511 33527 33530 33534 33540 33547 33548 33549 33550 33556 33558 33559 33563 33564 33565 33566 33567 33568 33569 33570 33571 33572 33573 33575 33578 33579 33583 33584 33586 33587 33592 33594 33595 33596 33598 33601 33602 33603 33604 33605 33606 33607 33608 33609 33610 33611 33612 33613 33614 33615 33616 33617 33618 33619 33620 33621 33622 33623 33624 33625 33626 33629 33630 33631 33633 33634 33635 33637 33646 33647 33650 33655 33660 33664 33672 33673 33674 33675 33677 33679 33680 33681 33682 33684 33685 33686 33687 33688 33689 33694 33810 33860"
"Orange","Orange","Orange County","12095","FL","Florida","Orlando","1840015099","28.5145","-81.3236","1409949","602.92","America/New_York","America/New_York","35.7","12.0","13.0","15.9","15.5","13.8","12.6","9.4","5.1","2.6","49.3","50.7","43.4","13.3","39.2","4.2","3.47","55.6","65784","3.5","2.1","3.4","3.5","4.3","8.4","12.9","17.8","13.3","15.8","15.1","30.9","30640","56.5","274536","1375","34.3","10.5","24.3","29.5","23.0","12.7","35.7","43.1","67.2","782449","776884.0","5.7","2.9","12-2022","55.5","20.7","5.2","0.2","0.1","6.8","11.5","32.6","11.3","13.9","8.3","28.7","13.3","5.6","32703 32704 32709 32710 32712 32751 32757 32768 32776 32777 32789 32790 32792 32793 32794 32798 32799 32801 32802 32803 32804 32805 32806 32807 32808 32809 32810 32811 32812 32814 32816 32817 32818 32819 32820 32821 32822 32824 32825 32826 32827 32828 32829 32830 32831 32832 32833 32834 32835 32836 32837 32839 32853 32854 32855 32856 32857 32858 32859 32860 32861 32862 32867 32868 32869 32872 32877 32878 32885 32886 32887 32891 32897 34734 34740 34747 34760 34761 34777 34778 34786 34787"
"Nassau","Nassau","Nassau County","36059","NY","New York","Hempstead","1840005293","40.7328","-73.5865","1391678","1888.40","America/New_York","America/New_York","41.8","11.5","12.7","12.1","11.6","12.8","14.7","12.7","7.3","4.8","49.1","50.9","53.7","8.1","32.3","5.9","3.47","63.3","126576","1.8","1.2","1.8","1.8","2.0","3.9","6.0","10.4","10.3","19.0","41.9","60.9","50161","81.7","559568","1940","35.2","8.3","21.8","22.4","26.0","21.5","47.5","43.0","65.4","721343","725734.0","4.5","2.8","12-2022","64.6","11.5","10.5","0.3","0.0","7.6","5.5","17.2","8.5","5.5","4.9","36.2","4.1","3.5","11001 11002 11003 11010 11020 11021 11022 11023 11024 11026 11027 11030 11040 11042 11050 11051 11052 11053 11054 11055 11096 11422 11501 11507 11509 11510 11514 11516 11518 11520 11530 11531 11542 11545 11547 11548 11549 11550 11551 11552 11553 11554 11555 11556 11557 11558 11559 11560 11561 11563 11565 11566 11568 11569 11570 11571 11572 11575 11576 11577 11579 11580 11581 11582 11590 11596 11598 11599 11691 11709 11710 11714 11732 11735 11737 11753 11756 11758 11762 11765 11771 11773 11783 11791 11793 11797 11801 11802 11803 11804 11815 11853"
"Franklin","Franklin","Franklin County","39049","OH","Ohio","Columbus","1840003760","39.9695","-83.0093","1313598","952.60","America/New_York","America/New_York","34.4","13.4","12.9","16.0","16.2","12.3","11.6","9.8","5.1","2.7","49.1","50.9","43.0","12.9","39.5","4.5","3.08","55.8","65999","2.9","2.5","3.5","3.8","3.7","8.6","12.3","18.5","13.1","16.4","14.6","31.0","37037","53.6","202460","1070","28.0","8.5","24.0","26.3","25.5","15.7","41.2","44.8","69.9","706883","711227.0","4.8","3.4","12-2022","63.5","22.9","5.4","0.2","0.0","2.2","5.7","5.9","11.2","14.7","2.9","22.2","7.8","5.9","43002 43004 43016 43017 43026 43054 43064 43065 43068 43069 43081 43085 43086 43109 43110 43119 43123 43125 43126 43137 43140 43146 43147 43194 43195 43199 43201 43202 43203 43204 43205 43206 43207 43209 43210 43211 43212 43213 43214 43215 43216 43217 43218 43219 43220 43221 43222 43223 43224 43226 43227 43228 43229 43230 43231 43232 43234 43235 43236 43251 43260 43266 43268 43270 43271 43272 43279 43287 43291"
"Oakland","Oakland","Oakland County","26125","MI","Michigan","South Lyon","1840002432","42.6604","-83.3858","1271983","566.26","America/Detroit","America/Detroit","41.0","10.9","12.2","12.5","13.0","13.0","14.5","12.7","7.3","3.8","49.3","50.7","51.2","11.5","31.8","5.5","3.07","56.6","86275","2.3","1.8","2.6","2.6","3.1","6.9","9.4","15.0","13.1","18.9","24.4","43.3","43324","71.7","267939","1156","26.9","5.4","18.2","27.6","27.7","21.3","49.0","48.9","66.5","665746","667120.0","4.8","3.0","12-2022","72.9","13.2","7.8","0.2","0.0","1.0","4.8","4.4","11.4","7.6","2.6","26.5","4.1","5.0","48007 48009 48012 48017 48025 48030 48033 48034 48037 48067 48068 48069 48070 48071 48072 48073 48075 48076 48083 48084 48085 48086 48098 48099 48165 48167 48178 48220 48237 48301 48302 48303 48304 48306 48307 48308 48309 48320 48321 48322 48323 48324 48325 48326 48327 48328 48329 48330 48331 48332 48333 48334 48335 48336 48340 48341 48342 48343 48346 48347 48348 48350 48356 48357 48359 48360 48361 48362 48363 48366 48367 48370 48371 48374 48375 48376 48377 48380 48381 48382 48383 48386 48387 48390 48393 48428 48430 48439 48442 48462"
"Hennepin","Hennepin","Hennepin County","27053","MN","Minnesota","Minneapolis","1840007830","45.0045","-93.4770","1270283","885.25","America/Chicago","America/Chicago","36.9","12.5","11.8","14.4","15.9","12.5","12.7","11.0","6.0","3.3","49.7","50.3","47.3","11.3","37.5","3.9","3.08","63.3","85438","2.5","1.8","3.1","2.7","2.8","6.2","9.7","15.7","12.7","18.2","24.7","42.9","44585","63.1","309575","1244","29.0","6.1","15.7","26.3","32.5","19.3","51.8","44.7","72.3","708226","710553.0","4.3","2.1","12-2022","69.9","13.3","7.2","0.7","0.0","3.3","5.7","7.0","10.0","9.9","3.4","23.3","4.8","5.0","55111 55305 55311 55313 55316 55317 55323 55327 55328 55331 55340 55341 55343 55344 55345 55346 55347 55356 55357 55359 55361 55364 55369 55373 55374 55375 55384 55387 55388 55391 55401 55402 55403 55404 55405 55406 55407 55408 55409 55410 55411 55412 55413 55414 55415 55416 55417 55418 55419 55420 55421 55422 55423 55424 55425 55426 55427 55428 55429 55430 55431 55435 55436 55437 55438 55439 55440 55441 55442 55443 55444 55445 55446 55447 55450 55454 55455 55458 55459 55467 55470 55472 55474 55478 55479 55480 55483 55484 55485 55486 55487 55488 55569 55572 55577 55592 55593 55599"
"Travis","Travis","Travis County","48453","TX","Texas","Austin","1840019590","30.3344","-97.7820","1267795","492.42","America/Chicago","America/Chicago","34.9","11.8","12.3","16.1","18.7","14.6","11.6","8.7","4.3","1.9","50.7","49.3","46.1","11.9","39.0","3.1","3.10","60.6","85043","3.0","2.0","2.5","2.5","2.6","6.3","9.7","15.7","13.2","18.3","24.3","42.6","44538","53.3","367868","1422","29.2","9.4","15.7","22.2","33.0","19.7","52.7","46.2","73.1","809705","799341.0","4.3","2.9","12-2022","66.2","8.3","7.1","0.7","0.0","8.8","8.9","33.6","8.4","11.2","5.2","25.9","12.4","4.9","73301 73344 76574 78610 78612 78613 78615 78617 78620 78621 78634 78640 78641 78645 78651 78652 78653 78654 78660 78663 78664 78669 78680 78691 78701 78702 78703 78704 78705 78708 78709 78710 78711 78712 78713 78714 78715 78716 78718 78719 78720 78721 78722 78723 78724 78725 78726 78727 78728 78729 78730 78731 78732 78733 78734 78735 78736 78737 78738 78739 78741 78742 78744 78745 78746 78747 78748 78749 78750 78751 78752 78753 78754 78755 78756 78757 78758 78759 78760 78761 78762 78763 78764 78765 78766 78767 78768 78772 78773 78774 78778 78779 78783 78799"
"Cuyahoga","Cuyahoga","Cuyahoga County","39035","OH","Ohio","Cleveland","1840000596","41.4243","-81.6586","1263667","1067.13","America/New_York","America/New_York","40.3","11.2","12.0","13.5","12.9","11.6","13.4","13.3","7.5","4.6","48.0","52.0","39.2","14.0","40.3","6.4","3.04","50.6","55109","4.6","4.1","5.2","5.0","4.5","9.6","12.8","16.9","11.6","13.1","12.3","25.4","32537","58.2","145430","875","31.0","9.3","27.3","29.0","20.0","14.4","34.4","43.8","63.5","593967","601220.0","7.5","5.5","12-2022","60.6","29.2","3.1","0.2","0.0","1.9","5.0","6.3","14.9","16.7","2.8","24.0","5.5","6.2","44017 44022 44040 44070 44101 44102 44103 44104 44105 44106 44107 44108 44109 44110 44111 44112 44113 44114 44115 44116 44117 44118 44119 44120 44121 44122 44123 44124 44125 44126 44127 44128 44129 44130 44131 44132 44133 44134 44135 44136 44137 44138 44139 44140 44141 44142 44143 44144 44145 44146 44147 44149 44181 44188 44190 44191 44192 44193 44194 44195 44197 44198 44199"
"Allegheny","Allegheny","Allegheny County","42003","PA","Pennsylvania","Pittsburgh","1840001254","40.4688","-79.9812","1246116","659.12","America/New_York","America/New_York","40.7","10.3","11.3","13.5","14.2","11.5","13.2","13.6","7.7","4.9","48.7","51.3","45.5","11.4","36.5","6.5","2.94","55.3","66659","3.2","2.5","4.3","4.0","4.0","8.5","11.6","16.4","12.5","16.4","16.4","32.8","37279","65.0","173057","962","29.6","4.9","26.0","25.8","25.0","18.2","43.2","46.0","65.0","630451","631961.0","5.1","4.1","12-2022","78.4","12.7","3.9","0.1","0.0","0.8","4.0","2.3","13.5","11.1","1.3","26.6","3.9","6.6","15003 15005 15006 15007 15014 15015 15017 15018 15019 15020 15024 15025 15026 15028 15030 15031 15032 15034 15035 15037 15044 15045 15046 15047 15049 15051 15056 15057 15063 15064 15065 15068 15071 15075 15076 15082 15083 15084 15085 15086 15088 15089 15090 15091 15095 15096 15101 15102 15104 15106 15108 15110 15112 15116 15120 15122 15123 15126 15127 15129 15131 15132 15133 15134 15135 15136 15137 15139 15140 15142 15143 15144 15145 15146 15147 15148 15201 15202 15203 15204 15205 15206 15207 15208 15209 15210 15211 15212 15213 15214 15215 15216 15217 15218 15219 15220 15221 15222 15223 15224 15225 15226 15227 15228 15229 15230 15231 15232 15233 15234 15235 15236 15237 15238 15239 15240 15241 15242 15243 15244 15250 15251 15252 15253 15254 15255 15257 15258 15259 15260 15261 15262 15264 15265 15267 15268 15270 15272 15274 15275 15276 15277 15278 15279 15281 15282 15283 15286 15289 15290 15295 15321 15332 15642 15668 16046 16059"
"Salt Lake","Salt Lake","Salt Lake County","49035","UT","Utah","Salt Lake City","1840021383","40.6673","-111.9236","1173331","610.49","America/Denver","America/Denver","33.2","14.6","14.8","15.3","15.7","13.1","10.4","9.0","4.6","2.3","50.4","49.6","52.0","11.6","32.9","3.6","3.49","64.4","82206","2.1","1.4","2.6","2.5","2.4","6.3","10.3","17.9","14.8","20.2","19.5","39.7","37782","67.4","367275","1258","28.7","8.2","22.3","32.4","23.9","13.3","37.2","47.1","72.0","683820","670667.0","3.9","2.1","12-2022","76.0","1.9","4.1","0.9","1.5","9.1","6.5","18.8","9.5","8.4","3.1","22.4","9.9","4.4","84006 84009 84020 84044 84047 84065 84070 84081 84084 84088 84090 84091 84092 84093 84094 84095 84096 84101 84102 84103 84104 84105 84106 84107 84108 84109 84110 84111 84112 84113 84114 84115 84116 84117 84118 84119 84120 84121 84122 84123 84124 84125 84126 84127 84128 84129 84130 84131 84132 84133 84134 84138 84139 84141 84143 84145 84147 84148 84150 84151 84152 84157 84158 84165 84170 84171 84180 84184 84190 84199"
"Contra Costa","Contra Costa","Contra Costa County","06013","CA","California","Concord","1840018905","37.9192","-121.9277","1161643","625.60","America/Los_Angeles","America/Los_Angeles","39.9","11.6","13.3","11.8","13.3","13.8","14.1","11.4","6.9","3.7","49.2","50.8","51.9","10.8","32.6","4.8","3.33","57.2","110455","2.2","1.3","2.5","1.8","2.0","4.7","6.9","12.2","11.3","19.0","35.9","54.9","46590","67.0","687374","2061","33.9","10.3","17.5","28.2","27.1","16.9","44.0","52.4","65.2","554659","552710.0","5.8","3.4","12-2022","50.0","8.6","17.8","0.7","0.5","11.7","10.7","26.2","11.1","8.2","5.7","37.8","4.7","4.8","94505 94506 94507 94509 94511 94513 94514 94516 94517 94518 94519 94520 94521 94522 94523 94524 94525 94526 94527 94528 94529 94530 94531 94547 94548 94549 94551 94553 94556 94561 94563 94564 94565 94569 94570 94572 94575 94582 94583 94588 94595 94596 94597 94598 94611 94706 94707 94708 94801 94802 94803 94804 94805 94806 94807 94808 94820 94850 95219"
"Fairfax","Fairfax","Fairfax County","51059","VA","Virginia","Centreville","1840006015","38.8368","-77.2770","1146825","1132.40","America/New_York","America/New_York","38.3","12.7","13.3","12.2","14.4","14.1","13.7","10.7","6.1","2.9","49.9","50.1","56.0","9.0","31.3","3.8","3.32","64.0","133974","1.5","1.2","1.2","1.2","1.4","3.4","5.8","10.1","10.7","19.3","44.2","63.5","60076","68.5","594475","1977","28.1","6.6","12.3","17.5","31.6","32.0","63.6","53.6","71.5","622798","623762.0","4.2","2.5","12-2022","56.6","9.8","20.0","0.4","0.1","5.5","7.6","16.4","7.3","6.1","6.5","31.4","7.6","8.2","20120 20121 20122 20124 20151 20153 20170 20171 20172 20190 20191 20192 20194 20195 20196 22003 22009 22015 22027 22030 22031 22032 22033 22034 22035 22036 22038 22039 22041 22042 22043 22044 22046 22060 22066 22067 22079 22081 22082 22095 22096 22101 22102 22103 22106 22107 22108 22109 22116 22118 22119 22121 22122 22124 22150 22151 22152 22153 22156 22158 22159 22160 22161 22180 22181 22182 22183 22185 22199 22203 22207 22302 22303 22304 22306 22307 22308 22309 22310 22311 22312 22313 22315"
"Wake","Wake","Wake County","37183","NC","North Carolina","Raleigh","1840014497","35.7903","-78.6503","1112883","514.83","America/New_York","America/New_York","36.7","12.5","14.1","13.4","14.8","15.0","12.9","9.6","5.1","2.4","48.9","51.1","51.5","11.3","33.3","3.8","3.17","59.4","88471","2.1","1.3","2.2","2.3","3.1","6.6","10.1","15.2","12.6","19.4","25.1","44.5","43578","64.3","324389","1276","28.8","6.3","14.5","24.4","33.3","21.4","54.7","51.0","70.0","624474","621593.0","4.3","3.0","12-2022","62.5","19.9","7.5","0.3","0.0","4.1","5.7","10.3","8.6","8.5","2.4","25.6","8.6","6.1","27501 27502 27511 27512 27513 27518 27519 27520 27522 27523 27526 27529 27539 27540 27545 27560 27562 27571 27587 27588 27591 27592 27596 27597 27601 27602 27603 27604 27605 27606 27607 27608 27609 27610 27611 27612 27613 27614 27615 27616 27617 27619 27620 27622 27623 27624 27625 27626 27627 27628 27629 27634 27635 27636 27640 27650 27656 27658 27661 27668 27675 27676 27690 27695 27697 27698 27699 27703 27713"
"Mecklenburg","Mecklenburg","Mecklenburg County","37119","NC","North Carolina","Charlotte","1840014557","35.2467","-80.8328","1100984","811.86","America/New_York","America/New_York","35.4","13.1","12.9","15.0","16.1","14.0","12.5","9.2","4.9","2.4","48.3","51.7","44.9","12.5","38.7","3.9","3.21","56.3","73124","2.6","1.8","3.0","3.0","3.3","7.9","12.2","17.4","12.8","16.7","19.4","36.1","39257","56.4","275936","1276","28.9","9.2","16.5","27.4","30.6","16.4","47.0","41.1","71.4","645296","643196.0","4.6","3.6","12-2022","49.9","31.4","6.0","0.3","0.0","6.6","5.7","13.7","8.0","10.6","4.8","25.9","11.6","5.7","28031 28035 28036 28070 28078 28104 28105 28106 28107 28126 28130 28134 28201 28202 28203 28204 28205 28206 28207 28208 28209 28210 28211 28212 28213 28214 28215 28216 28217 28218 28219 28220 28221 28222 28223 28224 28226 28227 28228 28229 28230 28231 28232 28233 28234 28235 28237 28241 28242 28243 28244 28246 28247 28253 28254 28255 28256 28258 28260 28262 28263 28265 28266 28269 28270 28271 28272 28273 28274 28275 28277 28278 28280 28281 28282 28284 28285 28287 28288 28289 28290 28296 28297 28299"
"Montgomery","Montgomery","Montgomery County","24031","MD","Maryland","Germantown","1840005840","39.1363","-77.2042","1057201","827.75","America/New_York","America/New_York","39.6","12.4","13.0","11.5","13.6","13.6","14.0","11.5","6.6","3.9","48.6","51.4","53.8","9.9","31.6","4.6","3.28","64.3","117345","1.7","1.6","1.7","1.7","1.9","4.6","6.5","11.9","11.1","18.9","38.4","57.3","53134","65.4","508508","1844","30.7","8.8","13.1","18.3","27.2","32.5","59.7","56.9","70.9","546421","550589.0","4.9","3.6","12-2022","48.8","18.4","15.2","0.4","0.0","9.9","7.3","19.7","8.6","7.0","7.2","33.8","6.7","4.6","20705 20707 20777 20810 20811 20812 20813 20814 20815 20816 20817 20818 20824 20825 20827 20830 20832 20833 20837 20838 20839 20841 20842 20847 20848 20849 20850 20851 20852 20853 20854 20855 20857 20859 20860 20861 20862 20866 20868 20871 20872 20874 20875 20876 20877 20878 20879 20880 20882 20883 20884 20885 20886 20889 20891 20892 20894 20895 20896 20897 20898 20899 20901 20902 20903 20904 20905 20906 20907 20908 20910 20911 20912 20913 20914 20915 20916 20918 20993 20997 21771 21797"
"Fulton","Fulton","Fulton County","13121","GA","Georgia","Atlanta","1840013660","33.7903","-84.4670","1054286","772.78","America/New_York","America/New_York","35.9","11.7","12.9","15.7","16.0","13.7","12.7","9.8","5.0","2.5","48.6","51.4","39.3","12.0","44.5","4.2","3.15","54.9","77635","3.6","2.5","3.7","3.3","3.5","7.1","9.9","14.8","12.1","14.8","24.6","39.4","42958","53.1","344225","1367","32.6","6.8","16.5","20.9","32.7","23.1","55.8","44.1","68.8","581491","580686.0","5.5","3.2","12-2022","42.5","43.5","7.5","0.2","0.0","2.3","4.0","7.2","9.9","12.9","2.6","28.9","10.0","5.0","30004 30005 30009 30022 30023 30024 30075 30076 30077 30092 30097 30213 30214 30268 30272 30291 30296 30301 30302 30303 30304 30305 30306 30307 30308 30309 30310 30311 30312 30313 30314 30315 30316 30317 30318 30319 30321 30324 30325 30326 30327 30328 30331 30332 30334 30336 30337 30338 30339 30342 30343 30344 30348 30349 30350 30353 30354 30355 30357 30358 30361 30363 30364 30368 30369 30370 30371 30375 30377 30378 30385 30392 30394 30398 31106 31107 31126 31131 31136 31139 31141 31150 31156 31192 31193 31195 31196"
"Collin","Collin","Collin County","48085","TX","Texas","Dallas","1840019440","33.1880","-96.5724","1039812","477.23","America/Chicago","America/Chicago","37.2","13.2","15.2","11.6","14.5","16.2","13.4","8.9","4.9","2.0","49.6","50.4","58.6","10.2","27.6","3.7","3.29","60.3","104327","2.0","1.2","1.5","1.8","2.1","4.6","8.1","13.9","12.7","20.9","31.2","52.1","50720","64.6","354884","1521","27.3","6.1","14.7","25.8","33.6","19.8","53.4","49.0","70.5","638789","627475.0","4.3","3.1","12-2022","62.9","10.1","16.3","0.4","0.1","3.0","7.2","15.6","7.2","6.5","4.7","28.7","10.6","5.3","75002 75007 75009 75013 75023 75024 75025 75026 75033 75034 75035 75044 75048 75069 75070 75071 75072 75074 75075 75078 75080 75082 75086 75087 75093 75094 75097 75098 75121 75164 75166 75173 75189 75248 75252 75287 75370 75379 75407 75409 75424 75442 75452 75454 75485 75491 75495"
"Pima","Pima","Pima County","04019","AZ","Arizona","Tucson","1840022101","32.0974","-111.7899","1035063","43.49","America/Phoenix","America/Phoenix","38.9","11.2","12.7","15.4","12.0","11.0","11.6","12.5","9.0","4.5","49.4","50.6","45.5","14.6","34.3","5.6","3.04","46.2","59215","3.4","2.9","4.4","4.4","4.8","9.6","13.4","17.3","13.1","14.9","11.7","26.6","31158","64.2","216059","976","31.1","10.6","21.4","33.6","19.7","14.7","34.4","48.1","58.7","492280","487683.0","6.3","3.6","12-2022","69.6","3.4","2.8","3.6","0.1","9.2","11.2","38.0","14.9","15.1","3.8","24.6","8.9","10.1","85321 85341 85601 85602 85611 85614 85619 85622 85629 85633 85634 85637 85639 85641 85645 85652 85653 85654 85658 85701 85702 85703 85704 85705 85706 85707 85708 85709 85710 85711 85712 85713 85714 85715 85716 85717 85718 85719 85720 85721 85722 85723 85724 85725 85726 85728 85730 85731 85732 85733 85734 85735 85736 85737 85738 85739 85740 85741 85742 85743 85744 85745 85746 85747 85748 85749 85750 85751 85752 85754 85755 85756 85757 85775"
"Honolulu","Honolulu","Honolulu County","15003","HI","Hawaii","Honolulu","1840013305","21.5008","-158.1053","1015167","652.58","Pacific/Honolulu","Pacific/Honolulu","38.4","12.1","11.4","14.5","14.2","12.1","12.2","11.4","7.2","5.1","50.6","49.4","49.7","9.8","34.4","6.0","3.55","60.3","92600","2.5","1.8","2.3","2.0","2.5","5.4","9.0","14.7","13.5","20.0","26.3","46.3","40482","58.4","727215","1870","33.9","7.3","25.6","30.9","23.2","13.0","36.2","46.6","66.1","457096","455872.0","4.8","3.5","12-2022","19.9","2.5","42.3","0.2","10.2","1.5","23.4","10.2","11.2","8.6","6.4","27.9","3.5","9.5","96701 96706 96707 96709 96712 96717 96730 96731 96734 96744 96759 96762 96782 96786 96789 96791 96792 96795 96797 96801 96802 96803 96804 96805 96806 96807 96808 96809 96810 96811 96812 96813 96814 96815 96816 96817 96818 96819 96820 96821 96822 96823 96824 96825 96826 96828 96830 96836 96837 96838 96839 96840 96841 96843 96844 96846 96847 96848 96849 96850 96853 96854 96857 96858 96859 96860 96861 96863 96898"
"Fresno","Fresno","Fresno County","06019","CA","California","Fresno","1840020319","36.7582","-119.6493","1003150","65.00","America/Los_Angeles","America/Los_Angeles","32.6","15.5","15.8","14.7","14.3","11.6","11.0","9.0","5.1","2.9","50.1","49.9","44.2","11.9","39.0","4.9","3.70","50.7","61276","3.8","2.7","4.8","4.5","4.8","9.4","12.1","16.8","12.1","15.2","13.7","28.9","28697","54.1","286833","1098","33.6","22.1","22.7","32.6","15.0","7.6","22.6","45.4","61.0","450426","453018.0","8.8","6.3","12-2022","54.3","4.5","10.7","1.2","0.2","15.9","13.3","54.0","13.1","20.2","9.8","23.3","7.3","5.0","93210 93234 93242 93602 93605 93606 93607 93608 93609 93611 93612 93613 93616 93618 93619 93620 93621 93622 93624 93625 93626 93627 93628 93630 93631 93634 93640 93641 93642 93646 93648 93649 93650 93651 93652 93654 93656 93657 93660 93662 93664 93667 93668 93675 93701 93702 93703 93704 93705 93706 93707 93708 93709 93710 93711 93712 93714 93715 93716 93717 93718 93720 93721 93722 93723 93724 93725 93726 93727 93728 93729 93730 93737 93740 93741 93744 93745 93747 93750 93755 93760 93761 93764 93765 93771 93772 93773 93774 93775 93776 93777 93778 93779 93786 93790 93791 93792 93793 93794 93844 93888"
"St. Louis","St. Louis","St. Louis County","29189","MO","Missouri","Florissant","1840008586","38.6407","-90.4434","1001982","761.74","America/Chicago","America/Chicago","40.3","11.8","12.8","12.4","12.7","11.8","13.3","13.0","7.5","4.6","47.8","52.2","48.6","12.7","32.6","6.2","3.02","55.2","72562","2.5","2.1","2.9","3.2","3.7","8.2","11.7","17.3","12.7","16.0","19.8","35.8","38677","68.8","219660","1032","28.9","5.9","21.1","27.7","25.7","19.6","45.3","42.8","65.2","528678","529243.0","4.4","2.8","12-2022","65.3","24.2","4.5","0.1","0.0","1.2","4.7","3.0","11.6","9.6","1.5","23.8","6.0","6.6","63005 63006 63011 63017 63021 63022 63024 63025 63026 63031 63032 63033 63034 63038 63040 63042 63043 63044 63045 63049 63069 63074 63088 63099 63105 63114 63117 63119 63120 63121 63122 63123 63124 63125 63126 63127 63128 63129 63130 63131 63132 63133 63134 63135 63136 63137 63138 63140 63141 63143 63144 63145 63146 63151 63167 63171 63195 63199"
"Westchester","Westchester","Westchester County","36119","NY","New York","Yonkers","1840003478","41.1624","-73.7561","999723","896.16","America/New_York","America/New_York","41.2","11.3","13.3","11.7","12.2","13.4","14.5","11.8","7.2","4.7","48.7","51.3","50.4","10.1","33.9","5.5","3.27","60.2","105387","2.6","1.9","2.9","2.5","2.8","5.4","7.4","12.1","10.5","16.4","35.5","51.9","47311","61.6","558558","1682","34.0","11.1","18.4","19.8","24.9","25.8","50.7","44.7","65.5","488783","491069.0","6.1","3.1","12-2022","59.9","14.6","6.1","0.4","0.0","12.1","6.9","25.2","9.7","8.2","6.8","34.8","5.1","3.4","10470 10501 10502 10503 10504 10505 10506 10507 10510 10511 10514 10517 10518 10519 10520 10521 10522 10523 10526 10527 10528 10530 10532 10533 10535 10536 10537 10538 10540 10541 10543 10545 10546 10547 10548 10549 10550 10551 10552 10553 10560 10562 10566 10567 10570 10573 10576 10577 10578 10580 10583 10587 10588 10589 10590 10591 10594 10595 10596 10597 10598 10601 10602 10603 10604 10605 10606 10607 10610 10701 10702 10703 10704 10705 10706 10707 10708 10709 10710 10801 10802 10803 10804 10805"
"Duval","Duval","Duval County","12031","FL","Florida","Jacksonville","1840015031","30.3316","-81.6708","983153","497.73","America/New_York","America/New_York","36.5","12.9","12.1","14.7","14.8","12.3","13.1","11.0","6.1","3.1","48.7","51.3","42.7","16.1","35.8","5.5","3.17","50.3","59541","4.1","2.6","3.9","3.7","4.5","9.4","13.6","18.6","13.1","14.5","11.9","26.4","33050","57.2","208371","1154","32.2","9.5","28.1","30.9","21.0","10.5","31.5","42.4","65.9","522080","513189.0","5.1","2.8","12-2022","56.1","29.4","4.7","0.2","0.1","3.0","6.5","10.6","12.9","14.5","3.5","24.6","11.9","11.3","32081 32099 32201 32202 32203 32204 32205 32206 32207 32208 32209 32210 32211 32212 32214 32216 32217 32218 32219 32220 32221 32222 32223 32224 32225 32226 32227 32228 32229 32231 32232 32233 32234 32235 32236 32238 32239 32240 32241 32244 32245 32246 32247 32250 32254 32255 32256 32257 32258 32259 32266 32277"
"Marion","Marion","Marion County","18097","IN","Indiana","Indianapolis","1840030084","39.7817","-86.1385","969542","943.85","America/Indiana/Indianapolis","America/Indiana/Indianapolis","34.4","14.0","13.3","15.6","15.2","11.7","11.9","10.3","5.2","2.8","48.4","51.6","39.8","13.9","41.4","4.9","3.31","53.0","54601","4.6","3.0","4.3","4.6","4.9","9.8","14.7","18.7","12.0","13.0","10.4","23.4","32974","55.1","154252","959","31.1","13.1","27.5","26.6","21.1","11.7","32.8","42.3","67.0","506570","505745.0","5.6","3.0","12-2022","58.5","28.1","3.7","0.2","0.0","4.0","5.5","10.8","13.4","15.9","3.6","23.9","9.8","6.3","46077 46107 46113 46163 46183 46201 46202 46203 46204 46205 46206 46207 46208 46209 46214 46216 46217 46218 46219 46220 46221 46222 46224 46225 46226 46227 46228 46229 46230 46231 46234 46235 46236 46237 46239 46240 46241 46242 46244 46247 46249 46250 46251 46253 46254 46255 46256 46259 46260 46262 46268 46277 46278 46282 46283 46285 46288 46298"
"Pinellas","Pinellas","Pinellas County","12103","FL","Florida","St. Petersburg","1840015977","27.9200","-82.7256","957989","1351.02","America/New_York","America/New_York","48.5","8.7","9.2","10.8","11.8","11.5","15.2","15.4","10.8","6.5","48.3","51.7","45.1","17.1","29.6","8.1","2.95","47.4","60451","3.7","2.1","4.0","4.3","4.7","9.4","13.3","17.6","12.9","14.5","13.5","28.0","33094","68.6","233914","1237","33.4","7.9","26.6","31.5","22.0","12.1","34.1","42.6","59.0","512843","506924.0","5.0","2.5","12-2022","78.5","10.3","3.5","0.2","0.1","1.9","5.5","10.2","15.5","11.5","2.8","24.3","11.0","9.5","33701 33702 33703 33704 33705 33706 33707 33708 33709 33710 33711 33712 33713 33714 33715 33716 33729 33730 33731 33732 33733 33734 33736 33738 33740 33741 33742 33743 33744 33747 33755 33756 33757 33758 33759 33760 33761 33762 33763 33764 33765 33766 33767 33769 33770 33771 33772 33773 33774 33775 33776 33777 33778 33779 33780 33781 33782 33784 33785 33786 34660 34677 34681 34682 34683 34684 34685 34688 34689 34690 34691 34695 34697 34698"
"Prince George's","Prince George's","Prince George's County","24033","MD","Maryland","Bowie","1840005970","38.8295","-76.8473","957767","766.18","America/New_York","America/New_York","37.8","12.6","12.7","13.7","14.2","13.1","14.0","11.2","5.7","2.7","48.3","51.7","39.7","12.5","42.6","5.2","3.47","60.9","91124","2.7","1.6","2.1","2.1","2.2","5.3","8.5","16.2","13.9","21.3","24.0","45.3","43553","62.2","337592","1593","32.0","12.8","25.4","26.9","19.6","15.3","34.9","46.9","70.8","497825","497825.0","6.8","4.8","12-2022","15.0","61.5","4.2","0.4","0.0","14.1","4.8","19.4","9.8","9.2","5.9","36.5","10.3","7.3","20601 20607 20608 20613 20623 20697 20703 20704 20705 20706 20707 20708 20709 20710 20712 20715 20716 20717 20718 20719 20720 20721 20722 20725 20726 20731 20735 20737 20738 20740 20741 20742 20743 20744 20745 20746 20747 20748 20749 20750 20752 20753 20757 20762 20768 20769 20770 20771 20772 20773 20774 20775 20781 20782 20783 20784 20785 20787 20788 20790 20791 20792 20797 20799 20903 20904 20912"
"Fairfield","Fairfield","Fairfield County","09001","CT","Connecticut","Bridgeport","1840004836","41.2710","-73.3893","956446","590.89","America/New_York","America/New_York","40.7","11.4","13.8","11.9","11.9","13.4","15.1","11.7","6.7","4.2","49.0","51.0","50.7","10.5","33.6","5.2","3.24","59.7","101194","2.2","1.9","2.9","2.7","2.8","5.7","8.2","13.3","9.8","16.1","34.4","50.5","43694","66.6","443187","1593","35.4","9.8","20.8","20.1","27.0","22.2","49.2","43.2","67.5","472451","477000.0","6.4","4.1","12-2022","68.0","11.5","5.5","0.2","0.1","8.1","6.7","20.5","9.9","9.2","7.2","31.0","7.7","3.7","06404 06440 06468 06470 06482 06484 06491 06601 06602 06604 06605 06606 06607 06608 06610 06611 06612 06614 06615 06673 06699 06784 06801 06804 06807 06810 06811 06812 06813 06820 06824 06825 06828 06829 06830 06831 06836 06838 06840 06850 06851 06852 06853 06854 06855 06856 06857 06858 06860 06870 06875 06876 06877 06878 06879 06880 06881 06883 06888 06889 06890 06896 06897 06901 06902 06903 06904 06905 06906 06907 06910 06911 06912 06913 06914 06926 06927"
"Bergen","Bergen","Bergen County","34003","NJ","New Jersey","Hackensack","1840003556","40.9597","-74.0742","952979","1580.61","America/New_York","America/New_York","41.9","10.8","12.8","11.3","12.7","13.5","15.0","12.0","7.1","4.8","48.9","51.1","54.4","9.6","30.4","5.7","3.22","60.4","109497","2.0","1.3","2.3","2.3","2.6","5.2","7.4","12.0","10.5","18.6","35.7","54.3","50142","64.9","489752","1637","30.0","7.1","21.4","20.3","31.0","20.2","51.2","45.2","66.8","503279","494333.0","5.3","3.3","12-2022","66.0","5.8","16.6","0.2","0.0","4.5","6.9","21.0","8.1","6.6","8.8","32.4","7.0","3.6","07010 07014 07020 07022 07024 07026 07031 07057 07070 07071 07072 07073 07074 07075 07401 07407 07410 07417 07423 07430 07432 07436 07446 07450 07451 07452 07458 07463 07481 07495 07504 07514 07601 07602 07603 07604 07605 07606 07607 07608 07620 07621 07624 07626 07627 07628 07630 07631 07632 07640 07641 07642 07643 07644 07645 07646 07647 07648 07649 07650 07652 07653 07656 07657 07660 07661 07662 07663 07666 07670 07675 07676 07677 07699"
"Erie","Erie","Erie County","36029","NY","New York","Buffalo","1840000386","42.7640","-78.7323","949715","351.66","America/New_York","America/New_York","40.2","11.1","11.9","13.5","13.2","11.2","14.0","13.0","7.4","4.6","48.7","51.3","43.6","12.6","37.2","6.6","2.99","53.3","62578","3.5","2.6","4.7","4.4","4.6","9.0","11.6","17.6","12.6","15.7","13.6","29.3","34926","65.2","169270","893","30.7","7.9","26.2","30.0","20.1","15.8","35.9","43.4","63.0","440531","443977.0","5.1","3.6","12-2022","76.5","12.8","3.9","0.4","0.0","2.3","4.0","5.8","13.5","13.8","2.2","21.2","2.9","6.6","14001 14004 14006 14010 14013 14025 14026 14027 14030 14031 14032 14033 14034 14035 14037 14038 14043 14047 14051 14052 14055 14057 14059 14061 14068 14069 14070 14072 14075 14080 14081 14085 14086 14091 14102 14110 14111 14112 14127 14134 14139 14140 14141 14145 14150 14151 14169 14170 14173 14201 14202 14203 14204 14205 14206 14207 14208 14209 14210 14211 14212 14213 14214 14215 14216 14217 14218 14219 14220 14221 14222 14223 14224 14225 14226 14227 14228 14231 14233 14240 14241 14260 14261 14263 14264 14265 14267 14269 14270 14272 14273 14276 14280"
"Gwinnett","Gwinnett","Gwinnett County","13135","GA","Georgia","Peachtree Corners","1840029447","33.9617","-84.0236","948505","850.17","America/New_York","America/New_York","35.7","13.6","15.9","12.9","13.7","14.7","13.7","8.9","4.6","1.9","49.0","51.0","52.7","10.3","33.6","3.5","3.51","60.6","75853","2.5","1.4","2.4","2.5","3.2","7.9","11.5","18.1","13.4","19.1","18.1","37.2","36344","66.9","256662","1414","33.2","12.1","22.3","27.1","25.0","13.5","38.5","45.1","68.5","506303","504975.0","4.1","2.6","12-2022","42.6","28.3","12.3","0.5","0.1","8.7","7.5","21.6","7.4","10.5","8.8","33.8","15.9","5.8","30010 30011 30017 30019 30024 30026 30029 30039 30042 30043 30044 30045 30046 30047 30048 30049 30052 30071 30078 30084 30086 30087 30091 30092 30093 30095 30096 30097 30098 30099 30340 30360 30517 30518 30519 30548 30620"
"Milwaukee","Milwaukee","Milwaukee County","55079","WI","Wisconsin","Milwaukee","1840003046","43.0072","-87.9669","939123","1501.55","America/Chicago","America/Chicago","35.1","13.4","13.6","15.1","14.8","11.7","11.9","10.6","5.5","3.4","48.6","51.4","37.2","12.1","45.8","5.0","3.19","49.8","54793","4.2","2.8","5.8","4.4","5.2","9.8","13.4","18.0","12.6","13.7","10.0","23.7","33046","49.3","172383","936","30.4","10.8","28.6","28.2","20.6","11.8","32.4","42.9","64.8","454275","463629.0","4.9","4.2","12-2022","55.3","26.6","4.5","0.6","0.0","6.0","6.9","15.8","12.1","17.9","3.3","22.3","7.2","4.9","53110 53126 53129 53130 53132 53154 53172 53201 53202 53203 53204 53205 53206 53207 53208 53209 53210 53211 53212 53213 53214 53215 53216 53217 53218 53219 53220 53221 53222 53223 53224 53225 53226 53227 53228 53233 53234 53235 53237 53259 53263 53274 53278 53288 53290 53293 53295"
"DuPage","DuPage","DuPage County","17043","IL","Illinois","Chicago","1840000494","41.8520","-88.0856","934094","1100.23","America/Chicago","America/Chicago","39.7","12.1","13.1","12.0","13.2","12.9","14.3","12.2","6.5","3.6","49.4","50.6","55.8","9.3","29.9","5.0","3.20","62.0","100292","2.1","1.1","1.8","1.9","2.4","5.0","8.1","14.6","12.8","20.4","29.7","50.1","45790","73.2","324953","1433","27.4","6.5","18.1","24.7","30.4","20.3","50.7","45.3","69.1","512730","515318.0","4.8","3.2","12-2022","72.6","4.9","12.3","0.2","0.0","4.0","6.0","14.5","8.0","6.1","4.4","29.0","5.3","4.0","60007 60101 60103 60105 60106 60108 60116 60117 60126 60128 60132 60133 60137 60138 60139 60143 60148 60157 60172 60174 60181 60184 60185 60186 60187 60188 60189 60190 60191 60197 60199 60399 60439 60440 60502 60504 60510 60514 60515 60516 60517 60519 60521 60522 60523 60527 60532 60540 60555 60559 60561 60563 60564 60565 60566 60567 60568 60569 60598"
"Shelby","Shelby","Shelby County","47157","TN","Tennessee","Memphis","1840015457","35.1842","-89.8940","929178","471.71","America/Chicago","America/Chicago","35.7","13.8","13.9","14.3","13.5","12.3","12.2","11.3","6.0","2.7","47.7","52.3","39.4","13.3","42.0","5.3","3.36","48.8","55015","5.1","3.4","5.4","4.4","4.8","9.9","12.9","17.1","11.0","13.0","13.0","26.0","31539","55.6","166570","1014","33.8","10.7","27.6","28.4","19.8","13.5","33.3","39.8","64.5","433687","447027.0","7.6","5.0","12-2022","37.5","53.8","2.8","0.2","0.1","2.8","2.8","6.6","12.6","18.6","1.7","22.8","11.9","6.9","37501 37544 38002 38004 38011 38014 38016 38017 38018 38027 38028 38029 38053 38054 38055 38083 38088 38101 38103 38104 38105 38106 38107 38108 38109 38111 38112 38113 38114 38115 38116 38117 38118 38119 38120 38122 38124 38125 38126 38127 38128 38130 38131 38132 38133 38134 38135 38136 38137 38138 38139 38141 38145 38148 38150 38151 38152 38157 38159 38161 38163 38166 38167 38168 38173 38174 38175 38177 38181 38182 38183 38184 38186 38187 38188 38190 38193 38194 38197"
"Pierce","Pierce","Pierce County","53053","WA","Washington","Tacoma","1840021129","47.0241","-122.1046","910225","210.70","America/Los_Angeles","America/Los_Angeles","36.4","13.2","12.7","14.6","14.8","12.7","12.4","11.1","6.0","2.9","50.1","49.9","50.8","13.8","31.0","4.4","3.17","55.4","82574","2.2","1.5","2.5","2.4","2.7","6.0","10.4","17.4","14.8","20.8","19.3","40.1","40734","64.4","368399","1444","31.3","7.9","26.5","37.2","18.5","9.9","28.4","45.1","66.1","457548","454635.0","5.0","5.0","12-2022","69.7","6.9","6.5","1.2","1.5","3.2","11.0","11.6","13.1","8.8","2.7","32.8","6.1","12.3","98022 98047 98092 98303 98304 98321 98323 98327 98328 98329 98330 98332 98333 98335 98338 98344 98348 98349 98351 98352 98354 98360 98371 98372 98373 98374 98375 98385 98387 98388 98390 98391 98394 98395 98396 98397 98401 98402 98403 98404 98405 98406 98407 98408 98409 98411 98412 98413 98415 98416 98417 98418 98419 98421 98422 98424 98430 98431 98433 98438 98439 98443 98444 98445 98446 98447 98448 98464 98465 98466 98467 98471 98481 98490 98493 98496 98497 98498 98499 98558 98580"
"Kern","Kern","Kern County","06029","CA","California","Bakersfield","1840019148","35.3426","-118.7301","905644","42.99","America/Los_Angeles","America/Los_Angeles","32.1","15.6","16.3","15.1","14.3","11.9","11.0","8.9","4.8","2.4","51.4","48.6","45.6","11.7","38.0","4.6","3.71","47.9","58824","3.3","2.6","5.5","4.4","4.7","10.2","12.6","16.9","12.9","14.5","12.4","26.9","26945","59.3","239377","1063","33.0","24.1","27.6","30.8","11.6","6.0","17.6","46.2","58.1","388872","387508.0","8.9","7.0","12-2022","62.3","5.4","4.8","1.0","0.1","13.8","12.6","54.7","11.2","19.4","9.0","23.7","8.0","5.3","93203 93205 93206 93215 93216 93220 93222 93224 93225 93226 93238 93240 93241 93243 93249 93250 93251 93252 93255 93263 93268 93276 93280 93283 93285 93287 93301 93302 93303 93304 93305 93306 93307 93308 93309 93311 93312 93313 93314 93380 93383 93384 93385 93386 93387 93388 93389 93390 93461 93501 93502 93504 93505 93516 93518 93519 93523 93524 93527 93528 93531 93536 93554 93555 93556 93560 93561 93581 93596"
"Hartford","Hartford","Hartford County","09003","CT","Connecticut","Hartford","1840004773","41.8064","-72.7329","898636","472.10","America/New_York","America/New_York","40.2","10.9","12.8","12.8","13.1","12.4","14.1","12.2","7.0","4.6","48.8","51.2","46.1","12.0","36.3","5.5","3.07","56.9","80320","3.0","2.4","3.6","3.2","3.4","7.2","9.7","14.6","12.7","18.1","22.1","40.2","40513","64.8","249014","1191","34.6","9.7","25.8","25.3","21.9","17.3","39.2","46.8","65.8","473917","476456.0","5.8","4.2","12-2022","66.7","13.9","5.7","0.3","0.0","6.5","6.9","18.8","12.1","10.9","6.0","23.1","4.1","4.9","06001 06002 06006 06010 06011 06013 06016 06019 06020 06022 06023 06025 06026 06027 06028 06030 06032 06033 06034 06035 06037 06040 06041 06042 06045 06050 06051 06052 06053 06059 06060 06062 06064 06065 06067 06070 06073 06074 06078 06080 06081 06082 06083 06085 06088 06089 06090 06091 06092 06093 06095 06096 06101 06102 06103 06104 06105 06106 06107 06108 06109 06110 06111 06112 06114 06115 06117 06118 06119 06120 06123 06126 06127 06128 06129 06131 06132 06133 06134 06137 06138 06140 06141 06142 06143 06144 06145 06146 06147 06150 06151 06152 06153 06154 06155 06156 06160 06161 06167 06176 06180 06183 06199 06444 06447 06451 06467 06479 06489"
"Denton","Denton","Denton County","48121","TX","Texas","Dallas","1840019440","33.2055","-97.1168","885012","388.91","America/Chicago","America/Chicago","36.2","12.8","14.4","13.4","15.4","15.2","13.4","8.6","4.7","1.9","49.4","50.6","55.8","11.3","29.5","3.3","3.22","63.1","96265","1.9","1.1","1.9","1.9","2.1","5.3","9.3","15.4","12.8","20.5","27.9","48.4","45498","65.1","320442","1352","28.0","6.7","16.9","29.0","31.7","15.6","47.3","42.9","72.4","563385","553460.0","4.1","3.1","12-2022","68.2","10.3","9.5","0.5","0.1","3.1","8.3","19.6","8.5","7.2","3.3","28.3","10.9","6.3","75007 75009 75010 75019 75022 75024 75027 75028 75029 75033 75034 75036 75056 75057 75065 75067 75068 75077 75078 75093 75287 76052 76078 76092 76177 76201 76202 76203 76204 76205 76206 76207 76208 76209 76210 76226 76227 76234 76247 76249 76258 76259 76262 76266 76272"
"Macomb","Macomb","Macomb County","26099","MI","Michigan","Warren","1840002418","42.6957","-82.9323","879123","708.11","America/Detroit","America/Detroit","40.9","11.1","12.1","13.0","12.6","12.6","14.5","12.8","7.3","4.1","49.0","51.0","48.4","12.5","32.8","6.3","3.11","54.2","67828","2.5","2.0","3.3","3.7","4.1","8.6","12.8","17.8","13.9","17.7","13.6","31.3","34191","74.4","185518","1032","30.3","9.6","29.4","34.9","17.0","9.2","26.2","43.4","64.1","441893","442645.0","6.0","3.9","12-2022","78.6","12.1","4.4","0.3","0.1","0.7","3.8","2.8","13.9","10.3","3.2","27.4","5.3","6.1","48005 48015 48021 48026 48035 48036 48038 48041 48042 48043 48044 48045 48046 48047 48048 48050 48051 48062 48065 48066 48080 48081 48082 48088 48089 48090 48091 48092 48093 48094 48095 48096 48236 48306 48310 48311 48312 48313 48314 48315 48316 48317 48318 48397"
"San Francisco","San Francisco","San Francisco County","06075","CA","California","San Francisco","1840021543","37.7558","-122.4449","865933","7126.60","America/Los_Angeles","America/Los_Angeles","38.7","7.9","7.3","16.1","20.9","13.7","12.4","10.7","6.6","4.3","51.2","48.8","40.1","9.4","46.0","4.5","3.11","61.9","126187","2.7","1.8","4.7","2.4","2.5","4.5","6.0","9.1","8.3","14.9","43.1","58.0","59017","38.2","1198481","2130","24.2","11.2","11.4","17.9","35.4","24.1","59.5","52.6","71.2","578421","572285.0","5.3","2.4","12-2022","43.4","5.2","34.4","0.5","0.4","7.8","8.4","15.4","10.1","10.3","10.6","32.8","3.6","2.8","94102 94103 94104 94105 94107 94108 94109 94110 94111 94112 94114 94115 94116 94117 94118 94119 94120 94121 94122 94123 94124 94125 94126 94127 94129 94130 94131 94132 94133 94134 94137 94139 94140 94141 94142 94143 94144 94145 94146 94147 94151 94158 94159 94160 94161 94163 94164 94172 94177 94188 94501 94920"
"Hidalgo","Hidalgo","Hidalgo County","48215","TX","Texas","McAllen","1840021024","26.3969","-98.1812","865677","212.76","America/Chicago","America/Chicago","29.6","17.4","18.5","14.7","12.5","12.4","9.5","7.5","5.0","2.7","49.2","50.8","48.3","11.1","35.7","5.0","3.90","49.2","44666","4.0","6.1","6.9","6.7","6.6","11.1","12.9","17.1","10.1","11.8","6.8","18.6","21144","67.5","97326","799","32.8","32.7","24.3","23.6","13.6","5.9","19.5","39.3","58.7","376182","370993.0","7.8","7.3","12-2022","64.4","0.6","1.0","0.2","0.0","10.7","23.2","92.5","12.7","28.1","19.6","22.8","30.8","3.1","78501 78502 78503 78504 78505 78516 78536 78537 78538 78539 78540 78541 78542 78543 78549 78557 78558 78560 78562 78563 78565 78569 78570 78572 78573 78574 78576 78577 78579 78588 78589 78595 78596 78599"
"New Haven","New Haven","New Haven County","09009","CT","Connecticut","New Haven","1840004850","41.4106","-72.9321","864751","552.51","America/New_York","America/New_York","40.4","10.5","12.8","13.5","12.7","12.1","14.2","12.3","7.4","4.4","48.4","51.6","43.7","12.4","38.2","5.7","3.14","56.1","75043","3.1","2.5","3.8","3.8","3.9","6.9","10.1","15.8","12.5","17.1","20.4","37.5","38532","62.1","258892","1223","34.9","9.7","29.6","24.1","19.4","17.2","36.6","45.5","65.2","462342","463791.0","6.7","4.3","12-2022","69.1","13.8","4.1","0.2","0.0","6.6","6.2","19.2","11.6","11.5","5.6","25.6","5.1","5.2","06401 06403 06405 06408 06410 06411 06418 06437 06443 06444 06450 06451 06460 06461 06471 06472 06473 06477 06478 06483 06487 06488 06492 06493 06494 06495 06501 06502 06503 06504 06505 06506 06507 06508 06509 06510 06511 06512 06513 06514 06515 06516 06517 06518 06519 06520 06521 06524 06525 06530 06531 06532 06533 06534 06535 06536 06537 06538 06540 06701 06702 06703 06704 06705 06706 06708 06710 06712 06716 06720 06721 06722 06723 06724 06725 06726 06749 06762 06770"
"El Paso","El Paso","El Paso County","48141","TX","Texas","El Paso","1840023252","31.7686","-106.2348","860485","327.90","America/Denver","America/Denver","32.6","14.4","15.7","16.2","13.4","12.2","11.0","9.1","5.1","3.0","49.6","50.4","45.8","13.9","34.9","5.4","3.52","49.5","50919","4.0","4.1","5.7","5.6","5.7","10.7","13.5","19.0","11.0","12.5","8.3","20.8","25315","63.1","132261","908","32.1","20.2","23.8","31.3","16.6","8.1","24.7","41.5","62.8","364858","362714.0","6.8","4.6","12-2022","59.6","3.2","1.2","0.6","0.2","14.9","20.4","82.9","13.3","19.3","21.7","24.0","21.3","7.9","79821 79835 79836 79838 79849 79853 79901 79902 79903 79904 79905 79906 79907 79908 79910 79911 79912 79913 79914 79915 79916 79917 79918 79920 79922 79923 79924 79925 79926 79927 79928 79929 79930 79931 79932 79934 79935 79936 79937 79938 79940 79941 79942 79943 79944 79945 79946 79947 79948 79949 79950 79951 79952 79953 79954 79955 79958 79960 79961 79968 79976 79978 79980 79995 79996 79997 79998 79999 88510 88511 88512 88513 88514 88515 88517 88518 88519 88520 88521 88523 88524 88525 88526 88527 88528 88529 88530 88531 88532 88533 88534 88535 88536 88538 88539 88540 88541 88542 88543 88544 88545 88546 88547 88548 88549 88550 88553 88554 88555 88556 88557 88558 88559 88560 88561 88562 88563 88565 88566 88567 88568 88569 88570 88571 88572 88573 88574 88575 88576 88577 88578 88579 88580 88581 88582 88583 88584 88585 88586 88587 88588 88589 88590 88595"
